region,year,month,week,surface_chlorophyll
CS,2002,7,1,NA
CS,2002,7,2,0.66283
CS,2002,7,3,0.67243
CS,2002,7,4,0.6955
CS,2002,8,1,0.75524
CS,2002,8,2,0.81942
CS,2002,8,3,1.12667
CS,2002,8,4,1.38774
CS,2002,9,1,1.21747
CS,2002,9,2,1.31954
CS,2002,9,3,1.83555
CS,2002,9,4,1.62273
CS,2002,10,1,1.36173
CS,2002,10,2,1.36074
CS,2002,10,3,1.33314
CS,2002,10,4,2.7679
CS,2002,11,1,0.53761
CS,2002,11,2,1.06804
CS,2002,11,3,NA
CS,2002,11,4,NA
CS,2002,12,1,NA
CS,2002,12,2,NA
CS,2002,12,3,NA
CS,2002,12,4,NA
CS,2003,1,1,NA
CS,2003,1,2,NA
CS,2003,1,3,NA
CS,2003,1,4,0.54131
CS,2003,2,1,0.46775
CS,2003,2,2,NA
CS,2003,2,3,NA
CS,2003,2,4,NA
CS,2003,3,1,NA
CS,2003,3,2,NA
CS,2003,3,3,NA
CS,2003,3,4,NA
CS,2003,4,1,0.42475
CS,2003,4,2,0.8424
CS,2003,4,3,3.08934
CS,2003,4,4,6.32301
CS,2003,5,1,2.70946
CS,2003,5,2,0.78308
CS,2003,5,3,0.63424
CS,2003,5,4,0.50557
CS,2003,6,1,0.66831
CS,2003,6,2,0.76808
CS,2003,6,3,0.41789
CS,2003,6,4,0.40779
CS,2003,7,1,0.53431
CS,2003,7,2,0.56293
CS,2003,7,3,NA
CS,2003,7,4,0.61334
CS,2003,8,1,0.64408
CS,2003,8,2,1.00471
CS,2003,8,3,1.44068
CS,2003,8,4,1.60408
CS,2003,9,1,1.60078
CS,2003,9,2,0.95877
CS,2003,9,3,0.83291
CS,2003,9,4,1.10421
CS,2003,10,1,0.95293
CS,2003,10,2,1.02765
CS,2003,10,3,0.94464
CS,2003,10,4,0.85155
CS,2003,11,1,0.82584
CS,2003,11,2,NA
CS,2003,11,3,NA
CS,2003,11,4,0.55582
CS,2003,12,1,NA
CS,2003,12,2,NA
CS,2003,12,3,NA
CS,2003,12,4,NA
CS,2004,1,1,NA
CS,2004,1,2,NA
CS,2004,1,3,NA
CS,2004,1,4,NA
CS,2004,2,1,NA
CS,2004,2,2,0.45345
CS,2004,2,3,0.47609
CS,2004,2,4,NA
CS,2004,3,1,0.64041
CS,2004,3,2,0.56585
CS,2004,3,3,NA
CS,2004,3,4,0.48405
CS,2004,4,1,0.49571
CS,2004,4,2,0.95714
CS,2004,4,3,2.29708
CS,2004,4,4,4.93749
CS,2004,5,1,1.22939
CS,2004,5,2,1.22553
CS,2004,5,3,0.66905
CS,2004,5,4,0.63957
CS,2004,6,1,0.53687
CS,2004,6,2,0.55577
CS,2004,6,3,0.5953
CS,2004,6,4,0.60045
CS,2004,7,1,0.49188
CS,2004,7,2,0.49619
CS,2004,7,3,0.39196
CS,2004,7,4,0.54237
CS,2004,8,1,0.70664
CS,2004,8,2,1.17718
CS,2004,8,3,1.05333
CS,2004,8,4,1.18966
CS,2004,9,1,1.0399
CS,2004,9,2,1.05692
CS,2004,9,3,0.81553
CS,2004,9,4,1.20993
CS,2004,10,1,1.16381
CS,2004,10,2,NA
CS,2004,10,3,0.88487
CS,2004,10,4,1.09341
CS,2004,11,1,0.83823
CS,2004,11,2,1.49566
CS,2004,11,3,NA
CS,2004,11,4,0.63044
CS,2004,12,1,NA
CS,2004,12,2,NA
CS,2004,12,3,NA
CS,2004,12,4,NA
CS,2005,1,1,NA
CS,2005,1,2,NA
CS,2005,1,3,NA
CS,2005,1,4,NA
CS,2005,2,1,0.83221
CS,2005,2,2,NA
CS,2005,2,3,0.59166
CS,2005,2,4,NA
CS,2005,3,1,0.3238
CS,2005,3,2,0.43654
CS,2005,3,3,0.57099
CS,2005,3,4,0.64026
CS,2005,4,1,0.86292
CS,2005,4,2,0.54754
CS,2005,4,3,1.38018
CS,2005,4,4,NA
CS,2005,5,1,0.90025
CS,2005,5,2,0.52625
CS,2005,5,3,0.53119
CS,2005,5,4,0.71795
CS,2005,6,1,0.59211
CS,2005,6,2,0.5545
CS,2005,6,3,0.48736
CS,2005,6,4,0.49331
CS,2005,7,1,0.57545
CS,2005,7,2,0.51108
CS,2005,7,3,0.63735
CS,2005,7,4,0.68259
CS,2005,8,1,0.75274
CS,2005,8,2,0.73105
CS,2005,8,3,0.85958
CS,2005,8,4,0.6817
CS,2005,9,1,0.84305
CS,2005,9,2,1.05782
CS,2005,9,3,0.78988
CS,2005,9,4,1.07782
CS,2005,10,1,1.31605
CS,2005,10,2,1.49045
CS,2005,10,3,0.65852
CS,2005,10,4,1.10325
CS,2005,11,1,NA
CS,2005,11,2,NA
CS,2005,11,3,NA
CS,2005,11,4,0.75087
CS,2005,12,1,NA
CS,2005,12,2,NA
CS,2005,12,3,NA
CS,2005,12,4,NA
CS,2006,1,1,1.16491
CS,2006,1,2,NA
CS,2006,1,3,0.6539
CS,2006,1,4,NA
CS,2006,2,1,0.68526
CS,2006,2,2,NA
CS,2006,2,3,0.75053
CS,2006,2,4,1.01304
CS,2006,3,1,0.7294
CS,2006,3,2,0.79368
CS,2006,3,3,0.72847
CS,2006,3,4,2.7262
CS,2006,4,1,2.83834
CS,2006,4,2,5.11276
CS,2006,4,3,3.57339
CS,2006,4,4,2.69592
CS,2006,5,1,0.85288
CS,2006,5,2,0.80712
CS,2006,5,3,NA
CS,2006,5,4,0.66356
CS,2006,6,1,0.88426
CS,2006,6,2,0.78302
CS,2006,6,3,0.82777
CS,2006,6,4,0.70725
CS,2006,7,1,0.62109
CS,2006,7,2,0.46278
CS,2006,7,3,0.74102
CS,2006,7,4,0.9708
CS,2006,8,1,1.17148
CS,2006,8,2,1.1733
CS,2006,8,3,1.0976
CS,2006,8,4,1.47654
CS,2006,9,1,1.19919
CS,2006,9,2,1.26048
CS,2006,9,3,1.09443
CS,2006,9,4,1.3203
CS,2006,10,1,1.85781
CS,2006,10,2,1.63703
CS,2006,10,3,1.07064
CS,2006,10,4,0.89461
CS,2006,11,1,NA
CS,2006,11,2,NA
CS,2006,11,3,1.24578
CS,2006,11,4,NA
CS,2006,12,1,NA
CS,2006,12,2,NA
CS,2006,12,3,NA
CS,2006,12,4,NA
CS,2007,1,1,NA
CS,2007,1,2,NA
CS,2007,1,3,NA
CS,2007,1,4,NA
CS,2007,2,1,NA
CS,2007,2,2,0.541
CS,2007,2,3,NA
CS,2007,2,4,0.5925
CS,2007,3,1,0.55197
CS,2007,3,2,0.34639
CS,2007,3,3,NA
CS,2007,3,4,0.60772
CS,2007,4,1,1.30807
CS,2007,4,2,2.86046
CS,2007,4,3,5.46961
CS,2007,4,4,4.71433
CS,2007,5,1,1.73094
CS,2007,5,2,1.82056
CS,2007,5,3,1.34885
CS,2007,5,4,0.63253
CS,2007,6,1,0.80597
CS,2007,6,2,0.64323
CS,2007,6,3,0.62033
CS,2007,6,4,0.64511
CS,2007,7,1,0.59811
CS,2007,7,2,0.55091
CS,2007,7,3,0.74677
CS,2007,7,4,NA
CS,2007,8,1,0.69919
CS,2007,8,2,1.1282
CS,2007,8,3,1.23907
CS,2007,8,4,1.17468
CS,2007,9,1,1.15268
CS,2007,9,2,0.89541
CS,2007,9,3,1.08287
CS,2007,9,4,1.12576
CS,2007,10,1,1.34027
CS,2007,10,2,0.69799
CS,2007,10,3,1.39156
CS,2007,10,4,1.01387
CS,2007,11,1,0.99166
CS,2007,11,2,0.41143
CS,2007,11,3,0.79447
CS,2007,11,4,NA
CS,2007,12,1,NA
CS,2007,12,2,NA
CS,2007,12,3,NA
CS,2007,12,4,NA
CS,2008,1,1,NA
CS,2008,1,2,NA
CS,2008,1,3,0.89798
CS,2008,1,4,1.14544
CS,2008,2,1,NA
CS,2008,2,2,NA
CS,2008,2,3,0.51914
CS,2008,2,4,0.54994
CS,2008,3,1,NA
CS,2008,3,2,0.45296
CS,2008,3,3,0.48463
CS,2008,3,4,0.54929
CS,2008,4,1,0.41826
CS,2008,4,2,0.63664
CS,2008,4,3,0.76653
CS,2008,4,4,0.84784
CS,2008,5,1,1.50896
CS,2008,5,2,1.0386
CS,2008,5,3,0.52825
CS,2008,5,4,0.89529
CS,2008,6,1,0.76441
CS,2008,6,2,0.69572
CS,2008,6,3,0.65434
CS,2008,6,4,0.75205
CS,2008,7,1,0.98965
CS,2008,7,2,0.70195
CS,2008,7,3,0.56933
CS,2008,7,4,NA
CS,2008,8,1,0.73441
CS,2008,8,2,NA
CS,2008,8,3,0.70184
CS,2008,8,4,0.90809
CS,2008,9,1,1.2658
CS,2008,9,2,0.74096
CS,2008,9,3,1.0799
CS,2008,9,4,1.14164
CS,2008,10,1,1.53411
CS,2008,10,2,1.13545
CS,2008,10,3,1.36694
CS,2008,10,4,1.20237
CS,2008,11,1,0.78137
CS,2008,11,2,0.66043
CS,2008,11,3,NA
CS,2008,11,4,0.63631
CS,2008,12,1,NA
CS,2008,12,2,NA
CS,2008,12,3,NA
CS,2008,12,4,NA
CS,2009,1,1,NA
CS,2009,1,2,NA
CS,2009,1,3,NA
CS,2009,1,4,NA
CS,2009,2,1,NA
CS,2009,2,2,NA
CS,2009,2,3,0.44367
CS,2009,2,4,NA
CS,2009,3,1,NA
CS,2009,3,2,NA
CS,2009,3,3,0.52823
CS,2009,3,4,0.56806
CS,2009,4,1,1.49966
CS,2009,4,2,1.62555
CS,2009,4,3,3.12816
CS,2009,4,4,1.91056
CS,2009,5,1,2.04246
CS,2009,5,2,0.70234
CS,2009,5,3,0.47661
CS,2009,5,4,0.70849
CS,2009,6,1,0.68079
CS,2009,6,2,0.65411
CS,2009,6,3,0.59277
CS,2009,6,4,NA
CS,2009,7,1,0.8172
CS,2009,7,2,0.60806
CS,2009,7,3,0.70206
CS,2009,7,4,0.82413
CS,2009,8,1,1.04106
CS,2009,8,2,0.98108
CS,2009,8,3,0.78519
CS,2009,8,4,1.21923
CS,2009,9,1,1.07498
CS,2009,9,2,1.37946
CS,2009,9,3,1.01623
CS,2009,9,4,0.6281
CS,2009,10,1,0.69204
CS,2009,10,2,NA
CS,2009,10,3,1.22719
CS,2009,10,4,0.92658
CS,2009,11,1,1.22487
CS,2009,11,2,1.13623
CS,2009,11,3,1.35308
CS,2009,11,4,NA
CS,2009,12,1,NA
CS,2009,12,2,NA
CS,2009,12,3,NA
CS,2009,12,4,NA
CS,2010,1,1,NA
CS,2010,1,2,NA
CS,2010,1,3,1.07802
CS,2010,1,4,0.88693
CS,2010,2,1,NA
CS,2010,2,2,0.57239
CS,2010,2,3,1.01828
CS,2010,2,4,1.04213
CS,2010,3,1,0.86991
CS,2010,3,2,1.65843
CS,2010,3,3,1.85063
CS,2010,3,4,1.50903
CS,2010,4,1,2.99886
CS,2010,4,2,0.91644
CS,2010,4,3,0.96795
CS,2010,4,4,0.85324
CS,2010,5,1,NA
CS,2010,5,2,0.74496
CS,2010,5,3,1.04558
CS,2010,5,4,0.86128
CS,2010,6,1,NA
CS,2010,6,2,0.67093
CS,2010,6,3,0.54633
CS,2010,6,4,0.60261
CS,2010,7,1,0.51419
CS,2010,7,2,0.62223
CS,2010,7,3,0.88846
CS,2010,7,4,0.7791
CS,2010,8,1,0.94862
CS,2010,8,2,0.94616
CS,2010,8,3,0.92619
CS,2010,8,4,1.68847
CS,2010,9,1,1.11758
CS,2010,9,2,0.56694
CS,2010,9,3,0.76897
CS,2010,9,4,1.40521
CS,2010,10,1,1.23842
CS,2010,10,2,1.49705
CS,2010,10,3,1.38596
CS,2010,10,4,0.96341
CS,2010,11,1,0.92192
CS,2010,11,2,1.90167
CS,2010,11,3,1.31871
CS,2010,11,4,NA
CS,2010,12,1,5.95105
CS,2010,12,2,NA
CS,2010,12,3,NA
CS,2010,12,4,NA
CS,2011,1,1,NA
CS,2011,1,2,1.06642
CS,2011,1,3,NA
CS,2011,1,4,NA
CS,2011,2,1,NA
CS,2011,2,2,NA
CS,2011,2,3,1.4923
CS,2011,2,4,1.14899
CS,2011,3,1,NA
CS,2011,3,2,0.85667
CS,2011,3,3,0.94235
CS,2011,3,4,0.94392
CS,2011,4,1,1.09056
CS,2011,4,2,1.18172
CS,2011,4,3,3.73896
CS,2011,4,4,2.55094
CS,2011,5,1,1.89869
CS,2011,5,2,NA
CS,2011,5,3,0.46165
CS,2011,5,4,0.48796
CS,2011,6,1,NA
CS,2011,6,2,0.71611
CS,2011,6,3,NA
CS,2011,6,4,0.60989
CS,2011,7,1,0.61865
CS,2011,7,2,NA
CS,2011,7,3,0.54124
CS,2011,7,4,0.69962
CS,2011,8,1,0.5388
CS,2011,8,2,0.67734
CS,2011,8,3,0.71879
CS,2011,8,4,1.07334
CS,2011,9,1,0.75121
CS,2011,9,2,0.81559
CS,2011,9,3,1.00166
CS,2011,9,4,1.08199
CS,2011,10,1,NA
CS,2011,10,2,1.39915
CS,2011,10,3,1.3464
CS,2011,10,4,NA
CS,2011,11,1,1.06522
CS,2011,11,2,0.70881
CS,2011,11,3,1.41188
CS,2011,11,4,NA
CS,2011,12,1,NA
CS,2011,12,2,NA
CS,2011,12,3,NA
CS,2011,12,4,NA
CS,2012,1,1,NA
CS,2012,1,2,NA
CS,2012,1,3,0.69685
CS,2012,1,4,0.30642
CS,2012,2,1,NA
CS,2012,2,2,0.82028
CS,2012,2,3,0.51727
CS,2012,2,4,NA
CS,2012,3,1,NA
CS,2012,3,2,0.73477
CS,2012,3,3,2.93406
CS,2012,3,4,3.01943
CS,2012,4,1,1.39516
CS,2012,4,2,2.15664
CS,2012,4,3,4.62474
CS,2012,4,4,2.84324
CS,2012,5,1,0.92141
CS,2012,5,2,0.62017
CS,2012,5,3,0.65116
CS,2012,5,4,0.65281
CS,2012,6,1,0.58852
CS,2012,6,2,0.42067
CS,2012,6,3,0.47301
CS,2012,6,4,0.37946
CS,2012,7,1,0.53176
CS,2012,7,2,0.5695
CS,2012,7,3,0.56214
CS,2012,7,4,0.58504
CS,2012,8,1,0.6248
CS,2012,8,2,0.5534
CS,2012,8,3,0.66461
CS,2012,8,4,0.69421
CS,2012,9,1,1.02553
CS,2012,9,2,1.16531
CS,2012,9,3,1.03102
CS,2012,9,4,1.4969
CS,2012,10,1,1.17509
CS,2012,10,2,NA
CS,2012,10,3,1.21635
CS,2012,10,4,1.04002
CS,2012,11,1,NA
CS,2012,11,2,NA
CS,2012,11,3,1.47756
CS,2012,11,4,NA
CS,2012,12,1,NA
CS,2012,12,2,NA
CS,2012,12,3,NA
CS,2012,12,4,NA
CS,2013,1,1,NA
CS,2013,1,2,NA
CS,2013,1,3,NA
CS,2013,1,4,NA
CS,2013,2,1,NA
CS,2013,2,2,1.08156
CS,2013,2,3,0.80281
CS,2013,2,4,0.80419
CS,2013,3,1,1.89886
CS,2013,3,2,0.5389
CS,2013,3,3,0.94711
CS,2013,3,4,1.23192
CS,2013,4,1,1.14845
CS,2013,4,2,2.52542
CS,2013,4,3,3.10523
CS,2013,4,4,NA
CS,2013,5,1,1.42395
CS,2013,5,2,NA
CS,2013,5,3,NA
CS,2013,5,4,0.48014
CS,2013,6,1,0.67767
CS,2013,6,2,0.65113
CS,2013,6,3,0.66028
CS,2013,6,4,NA
CS,2013,7,1,0.60136
CS,2013,7,2,0.62905
CS,2013,7,3,0.57209
CS,2013,7,4,1.0701
CS,2013,8,1,0.8987
CS,2013,8,2,1.72131
CS,2013,8,3,1.18954
CS,2013,8,4,0.88536
CS,2013,9,1,1.09273
CS,2013,9,2,1.14672
CS,2013,9,3,1.29789
CS,2013,9,4,1.22843
CS,2013,10,1,1.00221
CS,2013,10,2,1.85745
CS,2013,10,3,0.64122
CS,2013,10,4,0.66489
CS,2013,11,1,1.81532
CS,2013,11,2,NA
CS,2013,11,3,NA
CS,2013,11,4,NA
CS,2013,12,1,NA
CS,2013,12,2,NA
CS,2013,12,3,NA
CS,2013,12,4,NA
CS,2014,1,1,NA
CS,2014,1,2,1.19907
CS,2014,1,3,NA
CS,2014,1,4,NA
CS,2014,2,1,NA
CS,2014,2,2,NA
CS,2014,2,3,0.43788
CS,2014,2,4,NA
CS,2014,3,1,NA
CS,2014,3,2,NA
CS,2014,3,3,NA
CS,2014,3,4,NA
CS,2014,4,1,NA
CS,2014,4,2,1.04325
CS,2014,4,3,6.33223
CS,2014,4,4,2.43892
CS,2014,5,1,1.60759
CS,2014,5,2,1.21895
CS,2014,5,3,0.45773
CS,2014,5,4,0.5737
CS,2014,6,1,0.38417
CS,2014,6,2,0.68276
CS,2014,6,3,0.5639
CS,2014,6,4,0.43576
CS,2014,7,1,0.48592
CS,2014,7,2,0.59899
CS,2014,7,3,0.72213
CS,2014,7,4,0.81824
CS,2014,8,1,1.31007
CS,2014,8,2,1.18504
CS,2014,8,3,1.81555
CS,2014,8,4,1.00351
CS,2014,9,1,1.12397
CS,2014,9,2,1.25633
CS,2014,9,3,0.85614
CS,2014,9,4,1.26408
CS,2014,10,1,1.05874
CS,2014,10,2,1.05668
CS,2014,10,3,0.93487
CS,2014,10,4,0.99894
CS,2014,11,1,NA
CS,2014,11,2,1.71031
CS,2014,11,3,1.33225
CS,2014,11,4,NA
CS,2014,12,1,NA
CS,2014,12,2,NA
CS,2014,12,3,NA
CS,2014,12,4,NA
CS,2015,1,1,NA
CS,2015,1,2,1.12401
CS,2015,1,3,NA
CS,2015,1,4,NA
CS,2015,2,1,NA
CS,2015,2,2,NA
CS,2015,2,3,0.41904
CS,2015,2,4,NA
CS,2015,3,1,NA
CS,2015,3,2,NA
CS,2015,3,3,NA
CS,2015,3,4,NA
CS,2015,4,1,NA
CS,2015,4,2,NA
CS,2015,4,3,0.46228
CS,2015,4,4,NA
CS,2015,5,1,1.65752
CS,2015,5,2,2.1051
CS,2015,5,3,0.83309
CS,2015,5,4,0.55641
CS,2015,6,1,0.65703
CS,2015,6,2,0.59492
CS,2015,6,3,0.62386
CS,2015,6,4,0.51249
CS,2015,7,1,0.59661
CS,2015,7,2,0.73409
CS,2015,7,3,0.67007
CS,2015,7,4,0.88938
CS,2015,8,1,0.85689
CS,2015,8,2,0.9172
CS,2015,8,3,0.7228
CS,2015,8,4,1.09866
CS,2015,9,1,1.22279
CS,2015,9,2,NA
CS,2015,9,3,1.07684
CS,2015,9,4,1.25616
CS,2015,10,1,1.46904
CS,2015,10,2,1.19834
CS,2015,10,3,1.77932
CS,2015,10,4,1.05281
CS,2015,11,1,1.13381
CS,2015,11,2,1.0213699999999999
CS,2015,11,3,NA
CS,2015,11,4,NA
CS,2015,12,1,0.87636
CS,2015,12,2,NA
CS,2015,12,3,NA
CS,2015,12,4,NA
CS,2016,1,1,NA
CS,2016,1,2,NA
CS,2016,1,3,0.7854
CS,2016,1,4,1.03917
CS,2016,2,1,NA
CS,2016,2,2,0.82343
CS,2016,2,3,0.92239
CS,2016,2,4,NA
CS,2016,3,1,1.90252
CS,2016,3,2,1.24183
CS,2016,3,3,NA
CS,2016,3,4,2.11806
CS,2016,4,1,NA
CS,2016,4,2,2.16671
CS,2016,4,3,1.82999
CS,2016,4,4,1.2347
CS,2016,5,1,1.7758
CS,2016,5,2,0.83723
CS,2016,5,3,0.5864
CS,2016,5,4,NA
CS,2016,6,1,0.54446
CS,2016,6,2,0.5864
CS,2016,6,3,0.62373
CS,2016,6,4,0.62084
CS,2016,7,1,0.62361
CS,2016,7,2,0.79681
CS,2016,7,3,0.73395
CS,2016,7,4,0.79554
CS,2016,8,1,0.80414
CS,2016,8,2,1.20581
CS,2016,8,3,1.11085
CS,2016,8,4,1.09716
CS,2016,9,1,1.23367
CS,2016,9,2,1.05886
CS,2016,9,3,1.11186
CS,2016,9,4,1.43738
CS,2016,10,1,1.16266
CS,2016,10,2,2.63755
CS,2016,10,3,2.25882
CS,2016,10,4,0.78642
CS,2016,11,1,1.49875
CS,2016,11,2,3.47697
CS,2016,11,3,NA
CS,2016,11,4,NA
CS,2016,12,1,NA
CS,2016,12,2,NA
CS,2016,12,3,NA
CS,2016,12,4,NA
CS,2017,1,1,NA
CS,2017,1,2,1.45417
CS,2017,1,3,1.19483
CS,2017,1,4,0.80994
CS,2017,2,1,NA
CS,2017,2,2,NA
CS,2017,2,3,0.99485
CS,2017,2,4,0.6719
CS,2017,3,1,NA
CS,2017,3,2,0.3876
CS,2017,3,3,0.61469
CS,2017,3,4,1.31832
CS,2017,4,1,1.56453
CS,2017,4,2,4.12941
CS,2017,4,3,1.69025
CS,2017,4,4,1.08232
CS,2017,5,1,0.99031
CS,2017,5,2,0.95217
CS,2017,5,3,0.70211
CS,2017,5,4,0.79117
CS,2017,6,1,0.86765
CS,2017,6,2,0.91964
CS,2017,6,3,0.71501
CS,2017,6,4,0.68874
CS,2017,7,1,0.85688
CS,2017,7,2,0.90446
CS,2017,7,3,1.01882
CS,2017,7,4,1.08622
CS,2017,8,1,0.98875
CS,2017,8,2,1.77403
CS,2017,8,3,1.50026
CS,2017,8,4,1.38259
CS,2017,9,1,1.43919
CS,2017,9,2,1.0715
CS,2017,9,3,1.2863
CS,2017,9,4,0.77553
CS,2017,10,1,1.77734
CS,2017,10,2,1.53556
CS,2017,10,3,2.39628
CS,2017,10,4,1.2605
CS,2017,11,1,1.9262
CS,2017,11,2,2.24837
CS,2017,11,3,2.18273
CS,2017,11,4,NA
CS,2017,12,1,NA
CS,2017,12,2,NA
CS,2017,12,3,NA
CS,2017,12,4,NA
CS,2018,1,1,NA
CS,2018,1,2,1.45893
CS,2018,1,3,NA
CS,2018,1,4,1.0732
CS,2018,2,1,1.13111
CS,2018,2,2,NA
CS,2018,2,3,NA
CS,2018,2,4,0.4788
CS,2018,3,1,0.62011
CS,2018,3,2,0.63528
CS,2018,3,3,1.26785
CS,2018,3,4,2.17061
CS,2018,4,1,4.66648
CS,2018,4,2,3.04754
CS,2018,4,3,2.44388
CS,2018,4,4,2.53315
CS,2018,5,1,1.52529
CS,2018,5,2,1.70832
CS,2018,5,3,0.81861
CS,2018,5,4,0.54676
CS,2018,6,1,0.77302
CS,2018,6,2,0.61199
CS,2018,6,3,0.69088
CS,2018,6,4,0.68992
CS,2018,7,1,0.72923
CS,2018,7,2,0.60695
CS,2018,7,3,0.62071
CS,2018,7,4,0.65555
CS,2018,8,1,0.60943
CS,2018,8,2,1.1325
CS,2018,8,3,1.07459
CS,2018,8,4,1.07769
CS,2018,9,1,1.0382
CS,2018,9,2,0.88604
CS,2018,9,3,0.79269
CS,2018,9,4,1.16595
CS,2018,10,1,1.3199
CS,2018,10,2,NA
CS,2018,10,3,NA
CS,2018,10,4,0.46727
CS,2018,11,1,0.82694
CS,2018,11,2,NA
CS,2018,11,3,NA
CS,2018,11,4,NA
CS,2018,12,1,NA
CS,2018,12,2,NA
CS,2018,12,3,NA
CS,2018,12,4,NA
CS,2019,1,1,NA
CS,2019,1,2,NA
CS,2019,1,3,NA
CS,2019,1,4,0.82524
CS,2019,2,1,NA
CS,2019,2,2,NA
CS,2019,2,3,NA
CS,2019,2,4,NA
CS,2019,3,1,NA
CS,2019,3,2,NA
CS,2019,3,3,NA
CS,2019,3,4,NA
CS,2019,4,1,1.34146
CS,2019,4,2,2.62955
CS,2019,4,3,3.22756
CS,2019,4,4,NA
CS,2019,5,1,2.21014
CS,2019,5,2,0.8022
CS,2019,5,3,0.65513
CS,2019,5,4,0.5784
CS,2019,6,1,0.80765
CS,2019,6,2,0.82489
CS,2019,6,3,0.68591
CS,2019,6,4,0.66156
CS,2019,7,1,0.70046
CS,2019,7,2,0.61865
CS,2019,7,3,0.69742
CS,2019,7,4,0.71427
CS,2019,8,1,0.65842
CS,2019,8,2,1.07728
CS,2019,8,3,1.12689
CS,2019,8,4,1.03156
CS,2019,9,1,1.62821
CS,2019,9,2,1.1674
CS,2019,9,3,1.50247
CS,2019,9,4,NA
CS,2019,10,1,1.24991
CS,2019,10,2,1.24244
CS,2019,10,3,2.39608
CS,2019,10,4,0.96227
CS,2019,11,1,0.48736
CS,2019,11,2,0.9751
CS,2019,11,3,NA
CS,2019,11,4,NA
ESS,2002,7,1,0.34235
ESS,2002,7,2,0.35033
ESS,2002,7,3,0.45719
ESS,2002,7,4,0.43535
ESS,2002,8,1,0.87376
ESS,2002,8,2,0.68809
ESS,2002,8,3,1.86625
ESS,2002,8,4,1.5163
ESS,2002,9,1,1.24985
ESS,2002,9,2,1.16156
ESS,2002,9,3,1.13808
ESS,2002,9,4,1.06941
ESS,2002,10,1,1.14016
ESS,2002,10,2,1.01148
ESS,2002,10,3,1.10621
ESS,2002,10,4,NA
ESS,2002,11,1,NA
ESS,2002,11,2,0.95974
ESS,2002,11,3,NA
ESS,2002,11,4,NA
ESS,2002,12,1,0.61694
ESS,2002,12,2,NA
ESS,2002,12,3,0.4092
ESS,2002,12,4,0.75969
ESS,2003,1,1,NA
ESS,2003,1,2,0.69729
ESS,2003,1,3,0.73026
ESS,2003,1,4,0.83116
ESS,2003,2,1,0.65421
ESS,2003,2,2,0.79872
ESS,2003,2,3,0.55958
ESS,2003,2,4,NA
ESS,2003,3,1,NA
ESS,2003,3,2,NA
ESS,2003,3,3,0.69713
ESS,2003,3,4,0.99395
ESS,2003,4,1,1.07112
ESS,2003,4,2,2.84195
ESS,2003,4,3,3.45986
ESS,2003,4,4,1.43273
ESS,2003,5,1,0.62799
ESS,2003,5,2,0.42371
ESS,2003,5,3,0.38186
ESS,2003,5,4,NA
ESS,2003,6,1,0.59159
ESS,2003,6,2,0.49879
ESS,2003,6,3,0.41214
ESS,2003,6,4,0.31067
ESS,2003,7,1,0.38228
ESS,2003,7,2,0.4129
ESS,2003,7,3,0.39039
ESS,2003,7,4,0.53239
ESS,2003,8,1,0.55064
ESS,2003,8,2,0.78439
ESS,2003,8,3,0.62512
ESS,2003,8,4,0.96692
ESS,2003,9,1,1.00213
ESS,2003,9,2,0.8707
ESS,2003,9,3,0.72194
ESS,2003,9,4,0.73928
ESS,2003,10,1,0.79771
ESS,2003,10,2,0.72861
ESS,2003,10,3,0.88129
ESS,2003,10,4,0.95925
ESS,2003,11,1,0.61499
ESS,2003,11,2,NA
ESS,2003,11,3,1.1129
ESS,2003,11,4,NA
ESS,2003,12,1,NA
ESS,2003,12,2,NA
ESS,2003,12,3,0.56735
ESS,2003,12,4,0.69025
ESS,2004,1,1,0.60475
ESS,2004,1,2,NA
ESS,2004,1,3,NA
ESS,2004,1,4,NA
ESS,2004,2,1,0.81403
ESS,2004,2,2,0.86871
ESS,2004,2,3,NA
ESS,2004,2,4,NA
ESS,2004,3,1,0.67118
ESS,2004,3,2,0.65761
ESS,2004,3,3,0.73238
ESS,2004,3,4,0.81952
ESS,2004,4,1,1.41943
ESS,2004,4,2,1.85439
ESS,2004,4,3,2.57281
ESS,2004,4,4,2.48173
ESS,2004,5,1,0.90061
ESS,2004,5,2,0.56254
ESS,2004,5,3,0.4366
ESS,2004,5,4,NA
ESS,2004,6,1,0.5172
ESS,2004,6,2,0.49132
ESS,2004,6,3,0.44078
ESS,2004,6,4,0.43633
ESS,2004,7,1,0.40656
ESS,2004,7,2,NA
ESS,2004,7,3,0.41413
ESS,2004,7,4,0.45955
ESS,2004,8,1,1.24275
ESS,2004,8,2,1.04178
ESS,2004,8,3,1.0206
ESS,2004,8,4,0.89171
ESS,2004,9,1,0.94913
ESS,2004,9,2,0.95264
ESS,2004,9,3,0.88341
ESS,2004,9,4,0.98186
ESS,2004,10,1,0.92354
ESS,2004,10,2,0.73808
ESS,2004,10,3,0.68924
ESS,2004,10,4,NA
ESS,2004,11,1,0.92695
ESS,2004,11,2,0.77337
ESS,2004,11,3,0.33951
ESS,2004,11,4,0.68964
ESS,2004,12,1,0.69889
ESS,2004,12,2,NA
ESS,2004,12,3,0.61022
ESS,2004,12,4,0.80999
ESS,2005,1,1,NA
ESS,2005,1,2,NA
ESS,2005,1,3,NA
ESS,2005,1,4,NA
ESS,2005,2,1,0.7683
ESS,2005,2,2,0.68716
ESS,2005,2,3,0.64946
ESS,2005,2,4,0.78698
ESS,2005,3,1,0.83316
ESS,2005,3,2,0.8071
ESS,2005,3,3,0.66942
ESS,2005,3,4,1.38352
ESS,2005,4,1,2.26254
ESS,2005,4,2,1.05096
ESS,2005,4,3,0.85195
ESS,2005,4,4,0.29034
ESS,2005,5,1,0.41438
ESS,2005,5,2,0.4947
ESS,2005,5,3,NA
ESS,2005,5,4,0.42174
ESS,2005,6,1,0.45062
ESS,2005,6,2,0.46489
ESS,2005,6,3,0.49263
ESS,2005,6,4,0.43114
ESS,2005,7,1,0.53782
ESS,2005,7,2,0.48722
ESS,2005,7,3,0.52937
ESS,2005,7,4,0.63656
ESS,2005,8,1,0.76985
ESS,2005,8,2,0.50275
ESS,2005,8,3,0.67966
ESS,2005,8,4,0.63262
ESS,2005,9,1,0.62565
ESS,2005,9,2,0.63049
ESS,2005,9,3,0.76566
ESS,2005,9,4,0.94156
ESS,2005,10,1,0.78604
ESS,2005,10,2,0.98165
ESS,2005,10,3,0.69223
ESS,2005,10,4,0.50613
ESS,2005,11,1,0.52582
ESS,2005,11,2,0.77733
ESS,2005,11,3,NA
ESS,2005,11,4,0.73781
ESS,2005,12,1,NA
ESS,2005,12,2,1.3848
ESS,2005,12,3,0.76954
ESS,2005,12,4,NA
ESS,2006,1,1,1.21976
ESS,2006,1,2,2.13435
ESS,2006,1,3,0.73271
ESS,2006,1,4,NA
ESS,2006,2,1,0.64839
ESS,2006,2,2,0.73656
ESS,2006,2,3,0.98524
ESS,2006,2,4,0.73377
ESS,2006,3,1,0.7944
ESS,2006,3,2,0.90257
ESS,2006,3,3,0.98444
ESS,2006,3,4,1.79938
ESS,2006,4,1,2.86949
ESS,2006,4,2,5.89511
ESS,2006,4,3,0.90398
ESS,2006,4,4,0.98156
ESS,2006,5,1,0.49544
ESS,2006,5,2,0.38098
ESS,2006,5,3,0.31344
ESS,2006,5,4,0.54113
ESS,2006,6,1,NA
ESS,2006,6,2,NA
ESS,2006,6,3,0.53217
ESS,2006,6,4,NA
ESS,2006,7,1,0.58292
ESS,2006,7,2,0.54099
ESS,2006,7,3,0.55358
ESS,2006,7,4,1.09929
ESS,2006,8,1,0.93212
ESS,2006,8,2,1.11603
ESS,2006,8,3,1.136
ESS,2006,8,4,1.12897
ESS,2006,9,1,1.17177
ESS,2006,9,2,0.82566
ESS,2006,9,3,1.01901
ESS,2006,9,4,0.84619
ESS,2006,10,1,1.1866
ESS,2006,10,2,1.14268
ESS,2006,10,3,0.85005
ESS,2006,10,4,NA
ESS,2006,11,1,0.81724
ESS,2006,11,2,1.06483
ESS,2006,11,3,1.9164
ESS,2006,11,4,NA
ESS,2006,12,1,NA
ESS,2006,12,2,NA
ESS,2006,12,3,NA
ESS,2006,12,4,0.41297
ESS,2007,1,1,0.84378
ESS,2007,1,2,NA
ESS,2007,1,3,0.5452
ESS,2007,1,4,0.78909
ESS,2007,2,1,0.62947
ESS,2007,2,2,NA
ESS,2007,2,3,0.65088
ESS,2007,2,4,0.62888
ESS,2007,3,1,0.55009
ESS,2007,3,2,0.67889
ESS,2007,3,3,1.56585
ESS,2007,3,4,2.72689
ESS,2007,4,1,1.931
ESS,2007,4,2,2.60974
ESS,2007,4,3,2.43792
ESS,2007,4,4,2.42887
ESS,2007,5,1,0.51233
ESS,2007,5,2,0.78261
ESS,2007,5,3,NA
ESS,2007,5,4,0.48096
ESS,2007,6,1,0.54412
ESS,2007,6,2,NA
ESS,2007,6,3,0.52226
ESS,2007,6,4,0.54933
ESS,2007,7,1,0.60109
ESS,2007,7,2,0.47214
ESS,2007,7,3,0.70392
ESS,2007,7,4,0.70977
ESS,2007,8,1,0.58698
ESS,2007,8,2,0.74669
ESS,2007,8,3,0.83619
ESS,2007,8,4,0.7446
ESS,2007,9,1,0.82797
ESS,2007,9,2,0.78897
ESS,2007,9,3,0.73109
ESS,2007,9,4,0.70278
ESS,2007,10,1,0.95445
ESS,2007,10,2,0.8388
ESS,2007,10,3,1.26121
ESS,2007,10,4,1.05118
ESS,2007,11,1,0.95657
ESS,2007,11,2,1.15169
ESS,2007,11,3,0.92674
ESS,2007,11,4,NA
ESS,2007,12,1,NA
ESS,2007,12,2,NA
ESS,2007,12,3,NA
ESS,2007,12,4,0.81377
ESS,2008,1,1,NA
ESS,2008,1,2,0.74108
ESS,2008,1,3,0.76575
ESS,2008,1,4,0.77713
ESS,2008,2,1,0.74681
ESS,2008,2,2,0.69731
ESS,2008,2,3,0.68721
ESS,2008,2,4,0.62899
ESS,2008,3,1,0.82686
ESS,2008,3,2,0.74104
ESS,2008,3,3,0.75616
ESS,2008,3,4,0.96303
ESS,2008,4,1,1.67142
ESS,2008,4,2,2.97886
ESS,2008,4,3,1.39433
ESS,2008,4,4,0.69228
ESS,2008,5,1,0.59517
ESS,2008,5,2,NA
ESS,2008,5,3,0.45027
ESS,2008,5,4,0.7006
ESS,2008,6,1,0.54462
ESS,2008,6,2,0.3671
ESS,2008,6,3,0.44105
ESS,2008,6,4,0.41243
ESS,2008,7,1,NA
ESS,2008,7,2,0.66335
ESS,2008,7,3,NA
ESS,2008,7,4,1.00721
ESS,2008,8,1,0.80746
ESS,2008,8,2,0.54387
ESS,2008,8,3,0.77792
ESS,2008,8,4,0.74085
ESS,2008,9,1,0.68326
ESS,2008,9,2,0.61975
ESS,2008,9,3,0.67701
ESS,2008,9,4,0.62173
ESS,2008,10,1,0.68774
ESS,2008,10,2,0.83692
ESS,2008,10,3,NA
ESS,2008,10,4,1.00834
ESS,2008,11,1,1.37542
ESS,2008,11,2,0.95248
ESS,2008,11,3,0.6122
ESS,2008,11,4,1.02995
ESS,2008,12,1,NA
ESS,2008,12,2,NA
ESS,2008,12,3,NA
ESS,2008,12,4,NA
ESS,2009,1,1,NA
ESS,2009,1,2,NA
ESS,2009,1,3,1.23102
ESS,2009,1,4,NA
ESS,2009,2,1,0.80335
ESS,2009,2,2,NA
ESS,2009,2,3,0.63566
ESS,2009,2,4,0.71257
ESS,2009,3,1,0.65142
ESS,2009,3,2,0.71571
ESS,2009,3,3,0.78559
ESS,2009,3,4,0.70062
ESS,2009,4,1,1.20646
ESS,2009,4,2,1.59647
ESS,2009,4,3,1.5737
ESS,2009,4,4,0.64522
ESS,2009,5,1,NA
ESS,2009,5,2,0.42985
ESS,2009,5,3,0.59095
ESS,2009,5,4,0.45144
ESS,2009,6,1,0.41918
ESS,2009,6,2,0.51694
ESS,2009,6,3,0.45212
ESS,2009,6,4,NA
ESS,2009,7,1,0.46318
ESS,2009,7,2,0.43632
ESS,2009,7,3,0.46312
ESS,2009,7,4,0.47001
ESS,2009,8,1,0.52346
ESS,2009,8,2,0.39671
ESS,2009,8,3,0.44742
ESS,2009,8,4,0.78968
ESS,2009,9,1,0.69476
ESS,2009,9,2,0.78795
ESS,2009,9,3,0.76398
ESS,2009,9,4,0.52295
ESS,2009,10,1,0.71914
ESS,2009,10,2,1.36874
ESS,2009,10,3,NA
ESS,2009,10,4,1.21075
ESS,2009,11,1,1.4834
ESS,2009,11,2,2.10642
ESS,2009,11,3,2.19803
ESS,2009,11,4,NA
ESS,2009,12,1,NA
ESS,2009,12,2,NA
ESS,2009,12,3,NA
ESS,2009,12,4,0.71667
ESS,2010,1,1,0.65048
ESS,2010,1,2,NA
ESS,2010,1,3,1.12165
ESS,2010,1,4,0.82656
ESS,2010,2,1,0.73076
ESS,2010,2,2,NA
ESS,2010,2,3,0.74188
ESS,2010,2,4,NA
ESS,2010,3,1,0.89021
ESS,2010,3,2,1.06285
ESS,2010,3,3,2.48361
ESS,2010,3,4,10.25177
ESS,2010,4,1,1.58815
ESS,2010,4,2,0.99452
ESS,2010,4,3,0.87143
ESS,2010,4,4,0.78289
ESS,2010,5,1,0.55999
ESS,2010,5,2,0.54944
ESS,2010,5,3,0.7371
ESS,2010,5,4,0.66054
ESS,2010,6,1,0.72953
ESS,2010,6,2,0.65428
ESS,2010,6,3,0.53419
ESS,2010,6,4,NA
ESS,2010,7,1,0.61518
ESS,2010,7,2,0.64997
ESS,2010,7,3,0.79687
ESS,2010,7,4,0.84114
ESS,2010,8,1,0.81677
ESS,2010,8,2,0.7261
ESS,2010,8,3,0.66882
ESS,2010,8,4,0.74517
ESS,2010,9,1,0.77468
ESS,2010,9,2,0.63782
ESS,2010,9,3,0.97096
ESS,2010,9,4,0.96247
ESS,2010,10,1,0.92763
ESS,2010,10,2,0.9665
ESS,2010,10,3,1.41117
ESS,2010,10,4,NA
ESS,2010,11,1,0.97823
ESS,2010,11,2,1.16504
ESS,2010,11,3,1.09955
ESS,2010,11,4,NA
ESS,2010,12,1,1.16567
ESS,2010,12,2,NA
ESS,2010,12,3,NA
ESS,2010,12,4,NA
ESS,2011,1,1,0.67248
ESS,2011,1,2,NA
ESS,2011,1,3,1.01207
ESS,2011,1,4,0.80893
ESS,2011,2,1,1.07204
ESS,2011,2,2,0.74138
ESS,2011,2,3,0.86103
ESS,2011,2,4,NA
ESS,2011,3,1,1.01309
ESS,2011,3,2,0.9278
ESS,2011,3,3,1.10586
ESS,2011,3,4,1.49481
ESS,2011,4,1,2.89397
ESS,2011,4,2,5.22007
ESS,2011,4,3,1.85717
ESS,2011,4,4,NA
ESS,2011,5,1,0.42545
ESS,2011,5,2,NA
ESS,2011,5,3,NA
ESS,2011,5,4,0.40534
ESS,2011,6,1,NA
ESS,2011,6,2,0.64878
ESS,2011,6,3,0.52659
ESS,2011,6,4,0.60126
ESS,2011,7,1,0.54855
ESS,2011,7,2,0.53932
ESS,2011,7,3,0.65339
ESS,2011,7,4,0.6219
ESS,2011,8,1,0.63077
ESS,2011,8,2,NA
ESS,2011,8,3,0.48939
ESS,2011,8,4,0.62629
ESS,2011,9,1,0.61899
ESS,2011,9,2,0.64922
ESS,2011,9,3,0.87812
ESS,2011,9,4,0.80901
ESS,2011,10,1,NA
ESS,2011,10,2,1.3735
ESS,2011,10,3,0.99142
ESS,2011,10,4,0.59061
ESS,2011,11,1,1.20789
ESS,2011,11,2,0.9864
ESS,2011,11,3,1.57366
ESS,2011,11,4,0.47412
ESS,2011,12,1,0.60095
ESS,2011,12,2,1.27222
ESS,2011,12,3,0.78014
ESS,2011,12,4,1.1661
ESS,2012,1,1,0.44313
ESS,2012,1,2,1.21672
ESS,2012,1,3,0.86602
ESS,2012,1,4,0.57825
ESS,2012,2,1,0.55546
ESS,2012,2,2,0.97655
ESS,2012,2,3,NA
ESS,2012,2,4,0.84408
ESS,2012,3,1,0.95896
ESS,2012,3,2,2.20022
ESS,2012,3,3,3.46259
ESS,2012,3,4,6.46288
ESS,2012,4,1,2.04082
ESS,2012,4,2,1.38018
ESS,2012,4,3,0.66938
ESS,2012,4,4,0.47646
ESS,2012,5,1,0.44452
ESS,2012,5,2,0.49379
ESS,2012,5,3,0.58148
ESS,2012,5,4,0.63065
ESS,2012,6,1,0.56529
ESS,2012,6,2,0.46014
ESS,2012,6,3,0.61089
ESS,2012,6,4,0.51914
ESS,2012,7,1,0.81169
ESS,2012,7,2,0.59978
ESS,2012,7,3,0.56742
ESS,2012,7,4,0.55196
ESS,2012,8,1,0.48176
ESS,2012,8,2,0.61777
ESS,2012,8,3,0.52021
ESS,2012,8,4,0.69299
ESS,2012,9,1,0.94836
ESS,2012,9,2,0.97606
ESS,2012,9,3,1.05872
ESS,2012,9,4,0.98888
ESS,2012,10,1,0.72675
ESS,2012,10,2,0.97282
ESS,2012,10,3,0.97548
ESS,2012,10,4,0.61513
ESS,2012,11,1,0.61482
ESS,2012,11,2,0.50824
ESS,2012,11,3,1.1731
ESS,2012,11,4,NA
ESS,2012,12,1,0.63276
ESS,2012,12,2,NA
ESS,2012,12,3,NA
ESS,2012,12,4,0.89294
ESS,2013,1,1,NA
ESS,2013,1,2,0.87205
ESS,2013,1,3,NA
ESS,2013,1,4,NA
ESS,2013,2,1,0.7234
ESS,2013,2,2,0.90635
ESS,2013,2,3,0.73127
ESS,2013,2,4,0.78995
ESS,2013,3,1,0.58865
ESS,2013,3,2,0.70875
ESS,2013,3,3,0.71632
ESS,2013,3,4,0.87346
ESS,2013,4,1,1.79222
ESS,2013,4,2,2.86852
ESS,2013,4,3,6.06682
ESS,2013,4,4,NA
ESS,2013,5,1,0.66697
ESS,2013,5,2,NA
ESS,2013,5,3,NA
ESS,2013,5,4,0.36899
ESS,2013,6,1,0.53812
ESS,2013,6,2,0.45154
ESS,2013,6,3,0.53125
ESS,2013,6,4,NA
ESS,2013,7,1,0.4328
ESS,2013,7,2,0.47456
ESS,2013,7,3,0.59581
ESS,2013,7,4,0.58047
ESS,2013,8,1,0.78743
ESS,2013,8,2,1.13409
ESS,2013,8,3,0.96871
ESS,2013,8,4,0.81899
ESS,2013,9,1,0.87641
ESS,2013,9,2,1.24126
ESS,2013,9,3,1.05534
ESS,2013,9,4,0.91133
ESS,2013,10,1,0.85861
ESS,2013,10,2,1.05841
ESS,2013,10,3,1.09997
ESS,2013,10,4,1.55198
ESS,2013,11,1,NA
ESS,2013,11,2,NA
ESS,2013,11,3,1.02111
ESS,2013,11,4,NA
ESS,2013,12,1,NA
ESS,2013,12,2,NA
ESS,2013,12,3,NA
ESS,2013,12,4,NA
ESS,2014,1,1,NA
ESS,2014,1,2,1.21415
ESS,2014,1,3,NA
ESS,2014,1,4,0.85386
ESS,2014,2,1,0.76408
ESS,2014,2,2,0.85985
ESS,2014,2,3,0.84198
ESS,2014,2,4,0.7507
ESS,2014,3,1,0.75991
ESS,2014,3,2,0.72505
ESS,2014,3,3,0.85764
ESS,2014,3,4,0.99688
ESS,2014,4,1,1.06326
ESS,2014,4,2,1.48847
ESS,2014,4,3,2.71951
ESS,2014,4,4,1.19126
ESS,2014,5,1,0.79761
ESS,2014,5,2,0.55768
ESS,2014,5,3,0.40435
ESS,2014,5,4,0.39583
ESS,2014,6,1,NA
ESS,2014,6,2,0.44625
ESS,2014,6,3,0.46017
ESS,2014,6,4,0.4649
ESS,2014,7,1,0.43644
ESS,2014,7,2,0.6617
ESS,2014,7,3,0.69623
ESS,2014,7,4,0.65039
ESS,2014,8,1,0.62853
ESS,2014,8,2,0.57907
ESS,2014,8,3,0.64232
ESS,2014,8,4,0.60214
ESS,2014,9,1,0.98123
ESS,2014,9,2,0.80405
ESS,2014,9,3,0.67122
ESS,2014,9,4,0.85742
ESS,2014,10,1,0.7794
ESS,2014,10,2,0.9319
ESS,2014,10,3,0.98292
ESS,2014,10,4,0.95335
ESS,2014,11,1,NA
ESS,2014,11,2,0.96796
ESS,2014,11,3,1.04666
ESS,2014,11,4,1.0928
ESS,2014,12,1,0.89687
ESS,2014,12,2,NA
ESS,2014,12,3,NA
ESS,2014,12,4,NA
ESS,2015,1,1,NA
ESS,2015,1,2,1.43529
ESS,2015,1,3,0.98684
ESS,2015,1,4,0.83365
ESS,2015,2,1,0.69311
ESS,2015,2,2,NA
ESS,2015,2,3,0.9968
ESS,2015,2,4,0.80042
ESS,2015,3,1,0.69522
ESS,2015,3,2,0.5972
ESS,2015,3,3,0.78075
ESS,2015,3,4,0.68746
ESS,2015,4,1,0.95969
ESS,2015,4,2,1.17388
ESS,2015,4,3,1.51003
ESS,2015,4,4,0.8226
ESS,2015,5,1,0.74435
ESS,2015,5,2,1.00096
ESS,2015,5,3,0.63129
ESS,2015,5,4,0.565
ESS,2015,6,1,0.50884
ESS,2015,6,2,0.52757
ESS,2015,6,3,0.46612
ESS,2015,6,4,0.50251
ESS,2015,7,1,0.48414
ESS,2015,7,2,0.68465
ESS,2015,7,3,0.5147
ESS,2015,7,4,0.46967
ESS,2015,8,1,0.5086
ESS,2015,8,2,0.53663
ESS,2015,8,3,0.43057
ESS,2015,8,4,0.46763
ESS,2015,9,1,0.52569
ESS,2015,9,2,0.39622
ESS,2015,9,3,0.53158
ESS,2015,9,4,0.60355
ESS,2015,10,1,0.79041
ESS,2015,10,2,0.43396
ESS,2015,10,3,1.19897
ESS,2015,10,4,1.44387
ESS,2015,11,1,0.94142
ESS,2015,11,2,1.31473
ESS,2015,11,3,0.76737
ESS,2015,11,4,1.36305
ESS,2015,12,1,0.99212
ESS,2015,12,2,0.51274
ESS,2015,12,3,NA
ESS,2015,12,4,0.87624
ESS,2016,1,1,1.2415
ESS,2016,1,2,0.85804
ESS,2016,1,3,0.68628
ESS,2016,1,4,1.25734
ESS,2016,2,1,0.61131
ESS,2016,2,2,NA
ESS,2016,2,3,0.78363
ESS,2016,2,4,0.73073
ESS,2016,3,1,1.40407
ESS,2016,3,2,1.3103
ESS,2016,3,3,1.94373
ESS,2016,3,4,3.92871
ESS,2016,4,1,2.02477
ESS,2016,4,2,1.2693
ESS,2016,4,3,0.91683
ESS,2016,4,4,1.03118
ESS,2016,5,1,0.62743
ESS,2016,5,2,0.57567
ESS,2016,5,3,0.45911
ESS,2016,5,4,0.52322
ESS,2016,6,1,0.54033
ESS,2016,6,2,0.46191
ESS,2016,6,3,0.48953
ESS,2016,6,4,0.58303
ESS,2016,7,1,0.51856
ESS,2016,7,2,0.57556
ESS,2016,7,3,0.4752
ESS,2016,7,4,0.56281
ESS,2016,8,1,0.64453
ESS,2016,8,2,0.65992
ESS,2016,8,3,0.58294
ESS,2016,8,4,0.64683
ESS,2016,9,1,0.68045
ESS,2016,9,2,0.68025
ESS,2016,9,3,0.65356
ESS,2016,9,4,0.9267
ESS,2016,10,1,0.76697
ESS,2016,10,2,0.93118
ESS,2016,10,3,1.34132
ESS,2016,10,4,0.82814
ESS,2016,11,1,1.1908
ESS,2016,11,2,1.35989
ESS,2016,11,3,1.11464
ESS,2016,11,4,NA
ESS,2016,12,1,NA
ESS,2016,12,2,1.185
ESS,2016,12,3,NA
ESS,2016,12,4,0.82822
ESS,2017,1,1,0.82304
ESS,2017,1,2,NA
ESS,2017,1,3,1.03941
ESS,2017,1,4,0.67965
ESS,2017,2,1,0.82894
ESS,2017,2,2,0.7602
ESS,2017,2,3,0.79024
ESS,2017,2,4,0.91617
ESS,2017,3,1,1.0525
ESS,2017,3,2,1.11493
ESS,2017,3,3,1.05555
ESS,2017,3,4,0.91064
ESS,2017,4,1,1.28818
ESS,2017,4,2,2.00641
ESS,2017,4,3,2.08588
ESS,2017,4,4,1.2231
ESS,2017,5,1,0.66369
ESS,2017,5,2,0.52568
ESS,2017,5,3,0.46393
ESS,2017,5,4,0.40037
ESS,2017,6,1,0.50435
ESS,2017,6,2,0.6011
ESS,2017,6,3,0.5101
ESS,2017,6,4,0.54159
ESS,2017,7,1,0.55068
ESS,2017,7,2,0.59443
ESS,2017,7,3,1.10169
ESS,2017,7,4,0.82697
ESS,2017,8,1,0.97019
ESS,2017,8,2,0.95997
ESS,2017,8,3,0.95346
ESS,2017,8,4,1.22008
ESS,2017,9,1,1.30996
ESS,2017,9,2,1.14396
ESS,2017,9,3,1.32281
ESS,2017,9,4,1.1682
ESS,2017,10,1,1.16427
ESS,2017,10,2,1.02147
ESS,2017,10,3,1.37269
ESS,2017,10,4,1.09651
ESS,2017,11,1,1.65926
ESS,2017,11,2,2.0499
ESS,2017,11,3,1.48484
ESS,2017,11,4,1.19358
ESS,2017,12,1,NA
ESS,2017,12,2,1.04263
ESS,2017,12,3,NA
ESS,2017,12,4,NA
ESS,2018,1,1,NA
ESS,2018,1,2,NA
ESS,2018,1,3,1.21083
ESS,2018,1,4,1.30911
ESS,2018,2,1,1.84463
ESS,2018,2,2,1.27235
ESS,2018,2,3,0.93511
ESS,2018,2,4,0.90255
ESS,2018,3,1,0.84467
ESS,2018,3,2,0.79304
ESS,2018,3,3,0.96848
ESS,2018,3,4,1.13683
ESS,2018,4,1,4.79618
ESS,2018,4,2,4.72607
ESS,2018,4,3,1.18021
ESS,2018,4,4,0.91347
ESS,2018,5,1,0.48917
ESS,2018,5,2,0.58607
ESS,2018,5,3,0.42363
ESS,2018,5,4,0.43136
ESS,2018,6,1,0.49555
ESS,2018,6,2,0.42545
ESS,2018,6,3,0.52213
ESS,2018,6,4,0.61268
ESS,2018,7,1,0.49616
ESS,2018,7,2,0.51302
ESS,2018,7,3,NA
ESS,2018,7,4,0.54245
ESS,2018,8,1,0.53175
ESS,2018,8,2,0.74164
ESS,2018,8,3,NA
ESS,2018,8,4,0.73313
ESS,2018,9,1,0.52425
ESS,2018,9,2,0.57946
ESS,2018,9,3,0.55463
ESS,2018,9,4,0.72529
ESS,2018,10,1,0.67459
ESS,2018,10,2,0.9849
ESS,2018,10,3,0.95729
ESS,2018,10,4,NA
ESS,2018,11,1,1.29294
ESS,2018,11,2,1.04767
ESS,2018,11,3,NA
ESS,2018,11,4,NA
ESS,2018,12,1,NA
ESS,2018,12,2,1.75885
ESS,2018,12,3,NA
ESS,2018,12,4,NA
ESS,2019,1,1,NA
ESS,2019,1,2,0.7271
ESS,2019,1,3,1.01524
ESS,2019,1,4,0.77175
ESS,2019,2,1,0.89501
ESS,2019,2,2,0.80003
ESS,2019,2,3,NA
ESS,2019,2,4,0.73636
ESS,2019,3,1,0.89279
ESS,2019,3,2,0.82533
ESS,2019,3,3,1.08465
ESS,2019,3,4,2.58081
ESS,2019,4,1,4.5939
ESS,2019,4,2,2.59272
ESS,2019,4,3,1.78797
ESS,2019,4,4,0.61626
ESS,2019,5,1,0.59045
ESS,2019,5,2,0.54847
ESS,2019,5,3,0.63306
ESS,2019,5,4,0.52101
ESS,2019,6,1,0.49992
ESS,2019,6,2,0.58395
ESS,2019,6,3,0.44969
ESS,2019,6,4,0.46937
ESS,2019,7,1,0.46735
ESS,2019,7,2,0.4684
ESS,2019,7,3,0.56012
ESS,2019,7,4,0.54499
ESS,2019,8,1,0.671
ESS,2019,8,2,0.92302
ESS,2019,8,3,1.07334
ESS,2019,8,4,1.10848
ESS,2019,9,1,1.0535
ESS,2019,9,2,1.23113
ESS,2019,9,3,1.37382
ESS,2019,9,4,0.80733
ESS,2019,10,1,1.04309
ESS,2019,10,2,2.59161
ESS,2019,10,3,1.66301
ESS,2019,10,4,1.27012
ESS,2019,11,1,1.10112
ESS,2019,11,2,1.66274
ESS,2019,11,3,NA
ESS,2019,11,4,0.78897
CSS,2002,7,1,0.35311
CSS,2002,7,2,0.3895
CSS,2002,7,3,0.43198
CSS,2002,7,4,0.45879
CSS,2002,8,1,0.58645
CSS,2002,8,2,0.48993
CSS,2002,8,3,0.56604
CSS,2002,8,4,0.55704
CSS,2002,9,1,0.55113
CSS,2002,9,2,0.71952
CSS,2002,9,3,0.79497
CSS,2002,9,4,0.72106
CSS,2002,10,1,0.80946
CSS,2002,10,2,0.77869
CSS,2002,10,3,0.85147
CSS,2002,10,4,1.03013
CSS,2002,11,1,0.98965
CSS,2002,11,2,1.04475
CSS,2002,11,3,0.511
CSS,2002,11,4,0.67213
CSS,2002,12,1,0.51947
CSS,2002,12,2,1.55016
CSS,2002,12,3,0.79586
CSS,2002,12,4,0.71787
CSS,2003,1,1,0.3604
CSS,2003,1,2,0.39099
CSS,2003,1,3,NA
CSS,2003,1,4,0.83004
CSS,2003,2,1,0.64395
CSS,2003,2,2,NA
CSS,2003,2,3,0.62939
CSS,2003,2,4,0.8785
CSS,2003,3,1,0.75563
CSS,2003,3,2,0.73202
CSS,2003,3,3,0.89998
CSS,2003,3,4,1.47269
CSS,2003,4,1,11.21115
CSS,2003,4,2,3.0014
CSS,2003,4,3,3.03135
CSS,2003,4,4,0.42796
CSS,2003,5,1,0.40469
CSS,2003,5,2,0.43334
CSS,2003,5,3,0.50099
CSS,2003,5,4,0.4715
CSS,2003,6,1,0.57419
CSS,2003,6,2,0.36184
CSS,2003,6,3,0.3963
CSS,2003,6,4,0.28043
CSS,2003,7,1,0.40249
CSS,2003,7,2,0.40976
CSS,2003,7,3,NA
CSS,2003,7,4,0.42111
CSS,2003,8,1,0.41256
CSS,2003,8,2,0.56374
CSS,2003,8,3,0.48369
CSS,2003,8,4,0.59208
CSS,2003,9,1,0.55835
CSS,2003,9,2,0.49728
CSS,2003,9,3,0.40613
CSS,2003,9,4,0.48906
CSS,2003,10,1,0.57899
CSS,2003,10,2,0.53973
CSS,2003,10,3,0.59584
CSS,2003,10,4,1.06418
CSS,2003,11,1,0.70764
CSS,2003,11,2,0.79946
CSS,2003,11,3,1.14692
CSS,2003,11,4,1.07225
CSS,2003,12,1,0.91395
CSS,2003,12,2,NA
CSS,2003,12,3,0.59199
CSS,2003,12,4,1.20858
CSS,2004,1,1,0.76209
CSS,2004,1,2,NA
CSS,2004,1,3,0.79467
CSS,2004,1,4,0.80351
CSS,2004,2,1,0.73768
CSS,2004,2,2,0.75023
CSS,2004,2,3,0.72706
CSS,2004,2,4,0.69473
CSS,2004,3,1,0.71505
CSS,2004,3,2,0.82074
CSS,2004,3,3,1.31349
CSS,2004,3,4,1.26132
CSS,2004,4,1,2.18769
CSS,2004,4,2,1.8595
CSS,2004,4,3,0.8439
CSS,2004,4,4,0.52782
CSS,2004,5,1,0.67208
CSS,2004,5,2,0.77872
CSS,2004,5,3,0.7021
CSS,2004,5,4,0.49546
CSS,2004,6,1,NA
CSS,2004,6,2,0.41975
CSS,2004,6,3,0.42596
CSS,2004,6,4,0.40926
CSS,2004,7,1,NA
CSS,2004,7,2,0.40442
CSS,2004,7,3,0.33917
CSS,2004,7,4,NA
CSS,2004,8,1,0.71197
CSS,2004,8,2,0.52499
CSS,2004,8,3,0.52264
CSS,2004,8,4,0.53722
CSS,2004,9,1,0.65603
CSS,2004,9,2,0.65999
CSS,2004,9,3,0.77892
CSS,2004,9,4,0.72726
CSS,2004,10,1,0.76722
CSS,2004,10,2,0.7728
CSS,2004,10,3,0.86831
CSS,2004,10,4,0.8788
CSS,2004,11,1,0.75462
CSS,2004,11,2,0.67366
CSS,2004,11,3,0.83094
CSS,2004,11,4,0.91248
CSS,2004,12,1,0.81102
CSS,2004,12,2,NA
CSS,2004,12,3,0.92844
CSS,2004,12,4,0.99221
CSS,2005,1,1,NA
CSS,2005,1,2,NA
CSS,2005,1,3,NA
CSS,2005,1,4,0.81165
CSS,2005,2,1,0.73339
CSS,2005,2,2,0.74399
CSS,2005,2,3,0.64463
CSS,2005,2,4,0.74027
CSS,2005,3,1,0.61755
CSS,2005,3,2,0.63069
CSS,2005,3,3,1.02034
CSS,2005,3,4,1.76412
CSS,2005,4,1,1.12882
CSS,2005,4,2,0.83576
CSS,2005,4,3,0.67713
CSS,2005,4,4,0.35546
CSS,2005,5,1,0.60932
CSS,2005,5,2,1.00814
CSS,2005,5,3,0.59077
CSS,2005,5,4,0.62518
CSS,2005,6,1,0.58298
CSS,2005,6,2,NA
CSS,2005,6,3,0.49153
CSS,2005,6,4,0.44014
CSS,2005,7,1,0.53377
CSS,2005,7,2,0.40157
CSS,2005,7,3,0.38996
CSS,2005,7,4,0.43378
CSS,2005,8,1,0.72838
CSS,2005,8,2,1.10914
CSS,2005,8,3,0.61568
CSS,2005,8,4,0.54384
CSS,2005,9,1,0.4505
CSS,2005,9,2,0.59236
CSS,2005,9,3,0.66717
CSS,2005,9,4,0.78098
CSS,2005,10,1,0.62858
CSS,2005,10,2,0.56648
CSS,2005,10,3,0.86343
CSS,2005,10,4,0.49947
CSS,2005,11,1,0.83905
CSS,2005,11,2,0.83011
CSS,2005,11,3,0.78361
CSS,2005,11,4,0.814
CSS,2005,12,1,NA
CSS,2005,12,2,NA
CSS,2005,12,3,1.04971
CSS,2005,12,4,NA
CSS,2006,1,1,0.83993
CSS,2006,1,2,1.09194
CSS,2006,1,3,0.74315
CSS,2006,1,4,0.80479
CSS,2006,2,1,0.59244
CSS,2006,2,2,0.67848
CSS,2006,2,3,0.85102
CSS,2006,2,4,0.98665
CSS,2006,3,1,1.32352
CSS,2006,3,2,1.22226
CSS,2006,3,3,0.99759
CSS,2006,3,4,2.17769
CSS,2006,4,1,2.08527
CSS,2006,4,2,0.99393
CSS,2006,4,3,0.644
CSS,2006,4,4,0.96864
CSS,2006,5,1,0.65362
CSS,2006,5,2,0.44171
CSS,2006,5,3,0.53038
CSS,2006,5,4,0.64129
CSS,2006,6,1,NA
CSS,2006,6,2,NA
CSS,2006,6,3,0.46803
CSS,2006,6,4,0.36961
CSS,2006,7,1,0.53074
CSS,2006,7,2,0.31327
CSS,2006,7,3,0.51199
CSS,2006,7,4,0.50499
CSS,2006,8,1,0.46161
CSS,2006,8,2,0.46259
CSS,2006,8,3,0.47615
CSS,2006,8,4,0.47644
CSS,2006,9,1,0.51165
CSS,2006,9,2,0.85793
CSS,2006,9,3,0.81401
CSS,2006,9,4,0.78368
CSS,2006,10,1,0.73468
CSS,2006,10,2,0.70055
CSS,2006,10,3,0.73794
CSS,2006,10,4,0.65304
CSS,2006,11,1,0.99597
CSS,2006,11,2,0.96462
CSS,2006,11,3,NA
CSS,2006,11,4,1.26426
CSS,2006,12,1,0.84822
CSS,2006,12,2,NA
CSS,2006,12,3,0.89073
CSS,2006,12,4,0.57228
CSS,2007,1,1,1.00134
CSS,2007,1,2,1.20488
CSS,2007,1,3,NA
CSS,2007,1,4,0.8181
CSS,2007,2,1,0.70214
CSS,2007,2,2,NA
CSS,2007,2,3,NA
CSS,2007,2,4,0.90405
CSS,2007,3,1,0.86385
CSS,2007,3,2,0.96446
CSS,2007,3,3,1.75801
CSS,2007,3,4,1.69477
CSS,2007,4,1,3.41071
CSS,2007,4,2,2.23263
CSS,2007,4,3,0.75662
CSS,2007,4,4,0.58339
CSS,2007,5,1,0.51346
CSS,2007,5,2,0.55346
CSS,2007,5,3,0.49112
CSS,2007,5,4,0.41168
CSS,2007,6,1,0.39807
CSS,2007,6,2,NA
CSS,2007,6,3,0.41367
CSS,2007,6,4,0.43577
CSS,2007,7,1,0.5007
CSS,2007,7,2,0.55119
CSS,2007,7,3,0.51639
CSS,2007,7,4,0.48561
CSS,2007,8,1,0.5669
CSS,2007,8,2,0.62493
CSS,2007,8,3,0.74393
CSS,2007,8,4,0.60498
CSS,2007,9,1,0.6971
CSS,2007,9,2,0.66933
CSS,2007,9,3,0.63376999999999994
CSS,2007,9,4,0.57294
CSS,2007,10,1,0.73605
CSS,2007,10,2,NA
CSS,2007,10,3,0.78664
CSS,2007,10,4,0.78244
CSS,2007,11,1,0.9181
CSS,2007,11,2,0.97345
CSS,2007,11,3,NA
CSS,2007,11,4,NA
CSS,2007,12,1,NA
CSS,2007,12,2,NA
CSS,2007,12,3,0.74273
CSS,2007,12,4,0.87291
CSS,2008,1,1,0.8904
CSS,2008,1,2,0.75236
CSS,2008,1,3,0.60553
CSS,2008,1,4,0.91352
CSS,2008,2,1,0.7039
CSS,2008,2,2,NA
CSS,2008,2,3,0.65124
CSS,2008,2,4,0.84781
CSS,2008,3,1,0.76271
CSS,2008,3,2,0.78785
CSS,2008,3,3,0.79058
CSS,2008,3,4,0.85578
CSS,2008,4,1,1.50056
CSS,2008,4,2,1.21333
CSS,2008,4,3,0.57599
CSS,2008,4,4,0.53625
CSS,2008,5,1,0.50028
CSS,2008,5,2,NA
CSS,2008,5,3,0.46232
CSS,2008,5,4,0.73761
CSS,2008,6,1,0.77886
CSS,2008,6,2,0.56152
CSS,2008,6,3,NA
CSS,2008,6,4,0.51465
CSS,2008,7,1,NA
CSS,2008,7,2,0.49819
CSS,2008,7,3,0.37643
CSS,2008,7,4,0.54547
CSS,2008,8,1,0.77285
CSS,2008,8,2,0.38327
CSS,2008,8,3,0.59213
CSS,2008,8,4,0.71947
CSS,2008,9,1,0.7349
CSS,2008,9,2,0.80687
CSS,2008,9,3,0.80886
CSS,2008,9,4,0.68648
CSS,2008,10,1,0.96241
CSS,2008,10,2,0.93792
CSS,2008,10,3,0.96444
CSS,2008,10,4,1.01154
CSS,2008,11,1,0.94332
CSS,2008,11,2,0.81225
CSS,2008,11,3,0.74681
CSS,2008,11,4,0.57189
CSS,2008,12,1,0.57139
CSS,2008,12,2,1.27551
CSS,2008,12,3,NA
CSS,2008,12,4,0.90818
CSS,2009,1,1,1.05674
CSS,2009,1,2,NA
CSS,2009,1,3,1.19109
CSS,2009,1,4,1.08507
CSS,2009,2,1,1.06417
CSS,2009,2,2,1.02136
CSS,2009,2,3,1.14701
CSS,2009,2,4,0.97353
CSS,2009,3,1,0.78535
CSS,2009,3,2,1.31635
CSS,2009,3,3,1.23946
CSS,2009,3,4,1.46218
CSS,2009,4,1,1.46125
CSS,2009,4,2,2.39758
CSS,2009,4,3,1.09881
CSS,2009,4,4,0.64157
CSS,2009,5,1,NA
CSS,2009,5,2,0.7406
CSS,2009,5,3,0.58884
CSS,2009,5,4,0.57839
CSS,2009,6,1,0.35014
CSS,2009,6,2,0.37524
CSS,2009,6,3,0.34499
CSS,2009,6,4,NA
CSS,2009,7,1,0.37992
CSS,2009,7,2,0.36878
CSS,2009,7,3,0.30234
CSS,2009,7,4,NA
CSS,2009,8,1,0.44754
CSS,2009,8,2,0.37501
CSS,2009,8,3,0.31069
CSS,2009,8,4,0.71449
CSS,2009,9,1,0.60624
CSS,2009,9,2,0.56961
CSS,2009,9,3,0.56178
CSS,2009,9,4,0.47887
CSS,2009,10,1,0.59189
CSS,2009,10,2,0.8882
CSS,2009,10,3,NA
CSS,2009,10,4,0.98822
CSS,2009,11,1,NA
CSS,2009,11,2,2.03007
CSS,2009,11,3,1.59325
CSS,2009,11,4,NA
CSS,2009,12,1,0.73814
CSS,2009,12,2,NA
CSS,2009,12,3,NA
CSS,2009,12,4,NA
CSS,2010,1,1,0.6815
CSS,2010,1,2,NA
CSS,2010,1,3,1.33477
CSS,2010,1,4,1.17727
CSS,2010,2,1,0.95428
CSS,2010,2,2,0.91579
CSS,2010,2,3,1.05701
CSS,2010,2,4,NA
CSS,2010,3,1,1.0662
CSS,2010,3,2,1.04456
CSS,2010,3,3,1.2462
CSS,2010,3,4,1.86007
CSS,2010,4,1,1.06585
CSS,2010,4,2,0.76175
CSS,2010,4,3,0.70863
CSS,2010,4,4,0.51819
CSS,2010,5,1,0.70837
CSS,2010,5,2,0.58784
CSS,2010,5,3,0.54768
CSS,2010,5,4,0.44619
CSS,2010,6,1,0.5146
CSS,2010,6,2,0.48479
CSS,2010,6,3,0.43723
CSS,2010,6,4,0.55673
CSS,2010,7,1,0.57072
CSS,2010,7,2,0.63495
CSS,2010,7,3,0.6972
CSS,2010,7,4,0.68438
CSS,2010,8,1,0.67967
CSS,2010,8,2,0.58378
CSS,2010,8,3,0.47389
CSS,2010,8,4,0.41013
CSS,2010,9,1,0.55886
CSS,2010,9,2,0.53366
CSS,2010,9,3,0.78105
CSS,2010,9,4,0.68033
CSS,2010,10,1,0.61945
CSS,2010,10,2,0.81861
CSS,2010,10,3,1.0255
CSS,2010,10,4,0.96356
CSS,2010,11,1,1.3713
CSS,2010,11,2,0.9022
CSS,2010,11,3,1.29603
CSS,2010,11,4,1.12133
CSS,2010,12,1,0.81724
CSS,2010,12,2,1.40544
CSS,2010,12,3,1.33426
CSS,2010,12,4,0.78344
CSS,2011,1,1,1.10817
CSS,2011,1,2,0.90382
CSS,2011,1,3,1.18514
CSS,2011,1,4,NA
CSS,2011,2,1,0.86005
CSS,2011,2,2,0.75622
CSS,2011,2,3,0.80648
CSS,2011,2,4,NA
CSS,2011,3,1,1.04786
CSS,2011,3,2,0.83377
CSS,2011,3,3,1.0904
CSS,2011,3,4,0.9483
CSS,2011,4,1,1.41394
CSS,2011,4,2,2.00557
CSS,2011,4,3,0.98637
CSS,2011,4,4,NA
CSS,2011,5,1,0.64856
CSS,2011,5,2,NA
CSS,2011,5,3,NA
CSS,2011,5,4,0.94321
CSS,2011,6,1,0.71054
CSS,2011,6,2,0.55731
CSS,2011,6,3,0.4974
CSS,2011,6,4,NA
CSS,2011,7,1,0.48549
CSS,2011,7,2,0.45791
CSS,2011,7,3,0.54956
CSS,2011,7,4,0.50032
CSS,2011,8,1,0.52199
CSS,2011,8,2,0.56476
CSS,2011,8,3,0.50377
CSS,2011,8,4,0.45098
CSS,2011,9,1,0.47115
CSS,2011,9,2,0.51972
CSS,2011,9,3,0.62674
CSS,2011,9,4,0.51384
CSS,2011,10,1,1.46858
CSS,2011,10,2,0.82387
CSS,2011,10,3,0.81552
CSS,2011,10,4,2.03752
CSS,2011,11,1,1.28474
CSS,2011,11,2,1.50966
CSS,2011,11,3,1.66249
CSS,2011,11,4,NA
CSS,2011,12,1,NA
CSS,2011,12,2,NA
CSS,2011,12,3,0.94008
CSS,2011,12,4,1.24718
CSS,2012,1,1,1.07218
CSS,2012,1,2,1.29586
CSS,2012,1,3,1.01273
CSS,2012,1,4,0.79398
CSS,2012,2,1,0.72228
CSS,2012,2,2,0.79821
CSS,2012,2,3,0.89996
CSS,2012,2,4,NA
CSS,2012,3,1,0.69846
CSS,2012,3,2,0.796
CSS,2012,3,3,1.53636
CSS,2012,3,4,2.80374
CSS,2012,4,1,0.84707
CSS,2012,4,2,0.59728
CSS,2012,4,3,0.48746
CSS,2012,4,4,0.67484
CSS,2012,5,1,0.58055
CSS,2012,5,2,0.52008
CSS,2012,5,3,0.45008
CSS,2012,5,4,0.3486
CSS,2012,6,1,0.44325
CSS,2012,6,2,0.51183
CSS,2012,6,3,0.42634
CSS,2012,6,4,0.34246
CSS,2012,7,1,0.46127
CSS,2012,7,2,0.52731
CSS,2012,7,3,0.40719
CSS,2012,7,4,0.4369
CSS,2012,8,1,0.44981
CSS,2012,8,2,0.40645
CSS,2012,8,3,0.43801
CSS,2012,8,4,0.43562
CSS,2012,9,1,0.53328
CSS,2012,9,2,0.52053
CSS,2012,9,3,0.48397
CSS,2012,9,4,0.46592
CSS,2012,10,1,0.44029
CSS,2012,10,2,0.5164
CSS,2012,10,3,0.49964
CSS,2012,10,4,0.53658
CSS,2012,11,1,0.49407
CSS,2012,11,2,0.60598
CSS,2012,11,3,1.20659
CSS,2012,11,4,0.89817
CSS,2012,12,1,0.99192
CSS,2012,12,2,NA
CSS,2012,12,3,NA
CSS,2012,12,4,2.23415
CSS,2013,1,1,NA
CSS,2013,1,2,1.13542
CSS,2013,1,3,0.65512
CSS,2013,1,4,0.82458
CSS,2013,2,1,0.46651
CSS,2013,2,2,0.71836
CSS,2013,2,3,0.91574
CSS,2013,2,4,0.82687
CSS,2013,3,1,NA
CSS,2013,3,2,0.72163
CSS,2013,3,3,0.84048
CSS,2013,3,4,0.97073
CSS,2013,4,1,1.14041
CSS,2013,4,2,6.54043
CSS,2013,4,3,1.55913
CSS,2013,4,4,1.01498
CSS,2013,5,1,0.57134
CSS,2013,5,2,0.59217
CSS,2013,5,3,0.50597
CSS,2013,5,4,0.47886
CSS,2013,6,1,0.4406
CSS,2013,6,2,0.45261
CSS,2013,6,3,0.52653
CSS,2013,6,4,0.59643
CSS,2013,7,1,0.49082
CSS,2013,7,2,0.49929
CSS,2013,7,3,0.46667
CSS,2013,7,4,0.42706
CSS,2013,8,1,0.71312
CSS,2013,8,2,0.84485
CSS,2013,8,3,0.79334
CSS,2013,8,4,0.96412
CSS,2013,9,1,0.75521
CSS,2013,9,2,0.87481
CSS,2013,9,3,0.74991
CSS,2013,9,4,0.63496
CSS,2013,10,1,0.6972
CSS,2013,10,2,0.83259
CSS,2013,10,3,0.81887
CSS,2013,10,4,2.91882
CSS,2013,11,1,3.49382
CSS,2013,11,2,NA
CSS,2013,11,3,0.74808
CSS,2013,11,4,0.58389
CSS,2013,12,1,NA
CSS,2013,12,2,NA
CSS,2013,12,3,0.74483
CSS,2013,12,4,NA
CSS,2014,1,1,1.10307
CSS,2014,1,2,1.50015
CSS,2014,1,3,NA
CSS,2014,1,4,1.00281
CSS,2014,2,1,0.91459
CSS,2014,2,2,0.97037
CSS,2014,2,3,0.87913
CSS,2014,2,4,0.83044
CSS,2014,3,1,0.96985
CSS,2014,3,2,1.02928
CSS,2014,3,3,1.5393
CSS,2014,3,4,1.39404
CSS,2014,4,1,1.41358
CSS,2014,4,2,1.57426
CSS,2014,4,3,1.35025
CSS,2014,4,4,0.65186
CSS,2014,5,1,0.99798
CSS,2014,5,2,1.41219
CSS,2014,5,3,0.58281
CSS,2014,5,4,0.71196
CSS,2014,6,1,0.60966
CSS,2014,6,2,0.52046
CSS,2014,6,3,0.57171
CSS,2014,6,4,0.55735
CSS,2014,7,1,1.00244
CSS,2014,7,2,1.0786
CSS,2014,7,3,0.75363
CSS,2014,7,4,NA
CSS,2014,8,1,0.57278
CSS,2014,8,2,0.59798
CSS,2014,8,3,0.57625
CSS,2014,8,4,0.50511
CSS,2014,9,1,0.55745
CSS,2014,9,2,0.5892
CSS,2014,9,3,0.52444
CSS,2014,9,4,0.49988
CSS,2014,10,1,0.51793
CSS,2014,10,2,0.58885
CSS,2014,10,3,0.45618
CSS,2014,10,4,NA
CSS,2014,11,1,NA
CSS,2014,11,2,0.95256
CSS,2014,11,3,0.39642
CSS,2014,11,4,NA
CSS,2014,12,1,2.85794
CSS,2014,12,2,1.0721
CSS,2014,12,3,NA
CSS,2014,12,4,1.01134
CSS,2015,1,1,0.86362
CSS,2015,1,2,NA
CSS,2015,1,3,0.80677
CSS,2015,1,4,0.62935
CSS,2015,2,1,NA
CSS,2015,2,2,0.79074
CSS,2015,2,3,0.95
CSS,2015,2,4,1.04556
CSS,2015,3,1,0.95937
CSS,2015,3,2,0.93175
CSS,2015,3,3,1.15744
CSS,2015,3,4,0.91819
CSS,2015,4,1,0.96756
CSS,2015,4,2,1.32447
CSS,2015,4,3,2.1599
CSS,2015,4,4,1.66526
CSS,2015,5,1,0.58153
CSS,2015,5,2,0.49733
CSS,2015,5,3,0.51795
CSS,2015,5,4,0.41769
CSS,2015,6,1,0.49484
CSS,2015,6,2,0.44489
CSS,2015,6,3,0.44527
CSS,2015,6,4,0.44351
CSS,2015,7,1,0.50659
CSS,2015,7,2,0.49037
CSS,2015,7,3,0.47656
CSS,2015,7,4,0.51142
CSS,2015,8,1,0.58032
CSS,2015,8,2,0.57112
CSS,2015,8,3,0.40426
CSS,2015,8,4,0.44965
CSS,2015,9,1,0.41914
CSS,2015,9,2,0.3891
CSS,2015,9,3,0.47274
CSS,2015,9,4,0.51514
CSS,2015,10,1,0.69777
CSS,2015,10,2,0.6972
CSS,2015,10,3,0.8619
CSS,2015,10,4,1.10348
CSS,2015,11,1,0.85124
CSS,2015,11,2,1.07069
CSS,2015,11,3,0.85781
CSS,2015,11,4,1.6378
CSS,2015,12,1,1.42351
CSS,2015,12,2,0.64242
CSS,2015,12,3,NA
CSS,2015,12,4,1.012
CSS,2016,1,1,0.84323
CSS,2016,1,2,1.15996
CSS,2016,1,3,NA
CSS,2016,1,4,0.92637
CSS,2016,2,1,1.18468
CSS,2016,2,2,0.91582
CSS,2016,2,3,1.21783
CSS,2016,2,4,1.3263
CSS,2016,3,1,1.00476
CSS,2016,3,2,0.8398
CSS,2016,3,3,1.03247
CSS,2016,3,4,2.05216
CSS,2016,4,1,3.30519
CSS,2016,4,2,1.3441
CSS,2016,4,3,0.60543
CSS,2016,4,4,0.68316
CSS,2016,5,1,0.57385
CSS,2016,5,2,0.75632
CSS,2016,5,3,0.68226
CSS,2016,5,4,NA
CSS,2016,6,1,0.56169
CSS,2016,6,2,0.39863
CSS,2016,6,3,0.52827
CSS,2016,6,4,0.57207
CSS,2016,7,1,0.51294
CSS,2016,7,2,0.5036
CSS,2016,7,3,0.61533
CSS,2016,7,4,0.53233
CSS,2016,8,1,0.4458
CSS,2016,8,2,0.48808
CSS,2016,8,3,0.51804
CSS,2016,8,4,0.54349
CSS,2016,9,1,0.42899
CSS,2016,9,2,0.54965
CSS,2016,9,3,0.56197
CSS,2016,9,4,0.67581
CSS,2016,10,1,0.66665
CSS,2016,10,2,0.98783
CSS,2016,10,3,0.76896
CSS,2016,10,4,NA
CSS,2016,11,1,0.82196
CSS,2016,11,2,1.06644
CSS,2016,11,3,NA
CSS,2016,11,4,NA
CSS,2016,12,1,NA
CSS,2016,12,2,NA
CSS,2016,12,3,0.82388
CSS,2016,12,4,0.93333
CSS,2017,1,1,1.21563
CSS,2017,1,2,0.97823
CSS,2017,1,3,0.82108
CSS,2017,1,4,0.56682
CSS,2017,2,1,0.8006
CSS,2017,2,2,NA
CSS,2017,2,3,0.85012
CSS,2017,2,4,0.91913
CSS,2017,3,1,1.32213
CSS,2017,3,2,0.83976
CSS,2017,3,3,0.88863
CSS,2017,3,4,0.99085
CSS,2017,4,1,1.49159
CSS,2017,4,2,1.31041
CSS,2017,4,3,0.8318
CSS,2017,4,4,0.54834
CSS,2017,5,1,0.61151
CSS,2017,5,2,0.49271
CSS,2017,5,3,0.64399
CSS,2017,5,4,0.47218
CSS,2017,6,1,0.48166
CSS,2017,6,2,0.51092
CSS,2017,6,3,0.55654
CSS,2017,6,4,0.58886
CSS,2017,7,1,0.56474
CSS,2017,7,2,NA
CSS,2017,7,3,0.41762
CSS,2017,7,4,0.52914
CSS,2017,8,1,0.47118
CSS,2017,8,2,0.59329
CSS,2017,8,3,0.61146
CSS,2017,8,4,0.65854
CSS,2017,9,1,0.7815
CSS,2017,9,2,0.56059
CSS,2017,9,3,0.4087
CSS,2017,9,4,0.54119
CSS,2017,10,1,0.64878
CSS,2017,10,2,0.8074
CSS,2017,10,3,0.92752
CSS,2017,10,4,0.96937
CSS,2017,11,1,1.77007
CSS,2017,11,2,1.35986
CSS,2017,11,3,1.60327
CSS,2017,11,4,2.33221
CSS,2017,12,1,NA
CSS,2017,12,2,NA
CSS,2017,12,3,1.00548
CSS,2017,12,4,2.51012
CSS,2018,1,1,NA
CSS,2018,1,2,1.10462
CSS,2018,1,3,1.02281
CSS,2018,1,4,1.1206
CSS,2018,2,1,NA
CSS,2018,2,2,1.04775
CSS,2018,2,3,0.9761
CSS,2018,2,4,1.16221
CSS,2018,3,1,NA
CSS,2018,3,2,1.0114
CSS,2018,3,3,1.15838
CSS,2018,3,4,3.75367
CSS,2018,4,1,2.38989
CSS,2018,4,2,2.07015
CSS,2018,4,3,0.58305
CSS,2018,4,4,0.53632
CSS,2018,5,1,0.57667
CSS,2018,5,2,0.557
CSS,2018,5,3,0.64223
CSS,2018,5,4,0.54909
CSS,2018,6,1,0.49218
CSS,2018,6,2,0.42008
CSS,2018,6,3,0.42646
CSS,2018,6,4,0.46528
CSS,2018,7,1,0.47071
CSS,2018,7,2,0.40271
CSS,2018,7,3,0.45005
CSS,2018,7,4,0.42115
CSS,2018,8,1,0.42082
CSS,2018,8,2,0.44513
CSS,2018,8,3,0.54481
CSS,2018,8,4,0.33789
CSS,2018,9,1,0.32562
CSS,2018,9,2,0.30805
CSS,2018,9,3,0.40151
CSS,2018,9,4,0.48874
CSS,2018,10,1,0.59082
CSS,2018,10,2,NA
CSS,2018,10,3,1.11535
CSS,2018,10,4,0.98391
CSS,2018,11,1,1.06985
CSS,2018,11,2,1.11515
CSS,2018,11,3,0.87996
CSS,2018,11,4,NA
CSS,2018,12,1,NA
CSS,2018,12,2,0.67942
CSS,2018,12,3,0.51012
CSS,2018,12,4,0.75447
CSS,2019,1,1,0.79409
CSS,2019,1,2,1.1981
CSS,2019,1,3,1.16797
CSS,2019,1,4,0.84954
CSS,2019,2,1,1.18506
CSS,2019,2,2,1.28224
CSS,2019,2,3,0.87934
CSS,2019,2,4,0.75756
CSS,2019,3,1,0.68492
CSS,2019,3,2,0.75735
CSS,2019,3,3,0.90048
CSS,2019,3,4,2.61404
CSS,2019,4,1,3.65353
CSS,2019,4,2,2.87759
CSS,2019,4,3,0.93042
CSS,2019,4,4,0.68992
CSS,2019,5,1,0.59247
CSS,2019,5,2,0.56167
CSS,2019,5,3,0.47057
CSS,2019,5,4,0.57329
CSS,2019,6,1,0.4967
CSS,2019,6,2,0.5741
CSS,2019,6,3,0.51142
CSS,2019,6,4,0.69073
CSS,2019,7,1,0.53439
CSS,2019,7,2,0.45633
CSS,2019,7,3,0.43737
CSS,2019,7,4,0.52688
CSS,2019,8,1,0.54445
CSS,2019,8,2,0.59367
CSS,2019,8,3,0.58008
CSS,2019,8,4,0.58455
CSS,2019,9,1,0.53817
CSS,2019,9,2,0.9338
CSS,2019,9,3,0.6864
CSS,2019,9,4,0.68663
CSS,2019,10,1,0.87107
CSS,2019,10,2,NA
CSS,2019,10,3,1.1211
CSS,2019,10,4,0.84622
CSS,2019,11,1,1.04831
CSS,2019,11,2,1.17639
CSS,2019,11,3,NA
CSS,2019,11,4,1.04842
WSS,2002,7,1,0.69423
WSS,2002,7,2,0.56593
WSS,2002,7,3,0.52474
WSS,2002,7,4,0.68438
WSS,2002,8,1,0.47006
WSS,2002,8,2,0.37602
WSS,2002,8,3,0.54077
WSS,2002,8,4,0.41536
WSS,2002,9,1,0.39281
WSS,2002,9,2,0.47073
WSS,2002,9,3,0.61242
WSS,2002,9,4,0.61276
WSS,2002,10,1,0.89123
WSS,2002,10,2,0.91552
WSS,2002,10,3,1.09834
WSS,2002,10,4,0.96832
WSS,2002,11,1,0.50342
WSS,2002,11,2,0.79005
WSS,2002,11,3,NA
WSS,2002,11,4,0.62165
WSS,2002,12,1,0.38415
WSS,2002,12,2,0.93917
WSS,2002,12,3,0.78839
WSS,2002,12,4,0.72138
WSS,2003,1,1,1.1071
WSS,2003,1,2,NA
WSS,2003,1,3,NA
WSS,2003,1,4,NA
WSS,2003,2,1,NA
WSS,2003,2,2,NA
WSS,2003,2,3,0.612
WSS,2003,2,4,0.77344
WSS,2003,3,1,0.67201
WSS,2003,3,2,NA
WSS,2003,3,3,0.75417
WSS,2003,3,4,0.79294
WSS,2003,4,1,NA
WSS,2003,4,2,6.25544
WSS,2003,4,3,4.44037
WSS,2003,4,4,0.54974
WSS,2003,5,1,0.35685
WSS,2003,5,2,0.57461
WSS,2003,5,3,0.52753
WSS,2003,5,4,NA
WSS,2003,6,1,0.693
WSS,2003,6,2,0.66199
WSS,2003,6,3,0.50123
WSS,2003,6,4,0.44509
WSS,2003,7,1,0.5603
WSS,2003,7,2,0.67412
WSS,2003,7,3,0.71958
WSS,2003,7,4,0.72361
WSS,2003,8,1,0.70398
WSS,2003,8,2,0.62535
WSS,2003,8,3,0.51127
WSS,2003,8,4,0.7179
WSS,2003,9,1,0.71185
WSS,2003,9,2,0.68157
WSS,2003,9,3,0.65171
WSS,2003,9,4,0.68118
WSS,2003,10,1,0.79875
WSS,2003,10,2,0.85315
WSS,2003,10,3,0.90017
WSS,2003,10,4,1.05392
WSS,2003,11,1,0.83418
WSS,2003,11,2,0.77987
WSS,2003,11,3,0.85329
WSS,2003,11,4,0.93204
WSS,2003,12,1,NA
WSS,2003,12,2,NA
WSS,2003,12,3,0.4847
WSS,2003,12,4,0.69628
WSS,2004,1,1,NA
WSS,2004,1,2,NA
WSS,2004,1,3,NA
WSS,2004,1,4,0.90559
WSS,2004,2,1,0.76849
WSS,2004,2,2,0.85518
WSS,2004,2,3,0.83395
WSS,2004,2,4,0.72165
WSS,2004,3,1,0.63644
WSS,2004,3,2,0.69002
WSS,2004,3,3,0.74577
WSS,2004,3,4,0.83455
WSS,2004,4,1,4.20955
WSS,2004,4,2,NA
WSS,2004,4,3,1.26729
WSS,2004,4,4,0.7289
WSS,2004,5,1,0.48797
WSS,2004,5,2,NA
WSS,2004,5,3,1.1134
WSS,2004,5,4,0.61348
WSS,2004,6,1,NA
WSS,2004,6,2,0.52027
WSS,2004,6,3,0.50383
WSS,2004,6,4,0.62955
WSS,2004,7,1,0.55157
WSS,2004,7,2,0.49648
WSS,2004,7,3,0.46252
WSS,2004,7,4,0.43468
WSS,2004,8,1,0.74755
WSS,2004,8,2,0.63025
WSS,2004,8,3,0.65442
WSS,2004,8,4,0.72283
WSS,2004,9,1,0.72111
WSS,2004,9,2,0.66317
WSS,2004,9,3,0.68863
WSS,2004,9,4,0.62652
WSS,2004,10,1,0.72148
WSS,2004,10,2,0.72284
WSS,2004,10,3,0.69398
WSS,2004,10,4,0.726
WSS,2004,11,1,0.70796
WSS,2004,11,2,0.69996
WSS,2004,11,3,0.69817
WSS,2004,11,4,0.75606
WSS,2004,12,1,0.46228
WSS,2004,12,2,NA
WSS,2004,12,3,0.76286
WSS,2004,12,4,0.84885
WSS,2005,1,1,0.41672
WSS,2005,1,2,NA
WSS,2005,1,3,NA
WSS,2005,1,4,0.83775
WSS,2005,2,1,0.72729
WSS,2005,2,2,0.82309
WSS,2005,2,3,0.74962
WSS,2005,2,4,0.87464
WSS,2005,3,1,0.73656
WSS,2005,3,2,0.66957
WSS,2005,3,3,0.62656
WSS,2005,3,4,0.86082
WSS,2005,4,1,1.27885
WSS,2005,4,2,0.98936
WSS,2005,4,3,0.61767
WSS,2005,4,4,0.48835
WSS,2005,5,1,0.9335
WSS,2005,5,2,1.07244
WSS,2005,5,3,NA
WSS,2005,5,4,NA
WSS,2005,6,1,0.79299
WSS,2005,6,2,NA
WSS,2005,6,3,0.578
WSS,2005,6,4,NA
WSS,2005,7,1,0.66771
WSS,2005,7,2,0.61069
WSS,2005,7,3,0.4899
WSS,2005,7,4,0.53279
WSS,2005,8,1,0.50201
WSS,2005,8,2,NA
WSS,2005,8,3,0.52767
WSS,2005,8,4,0.56683
WSS,2005,9,1,0.53594
WSS,2005,9,2,0.74705
WSS,2005,9,3,0.9149
WSS,2005,9,4,1.01808
WSS,2005,10,1,0.96284
WSS,2005,10,2,0.94653
WSS,2005,10,3,0.99163
WSS,2005,10,4,0.61744
WSS,2005,11,1,0.95599
WSS,2005,11,2,0.86858
WSS,2005,11,3,0.73416
WSS,2005,11,4,0.5768
WSS,2005,12,1,NA
WSS,2005,12,2,NA
WSS,2005,12,3,NA
WSS,2005,12,4,0.75522
WSS,2006,1,1,NA
WSS,2006,1,2,1.55068
WSS,2006,1,3,0.87816
WSS,2006,1,4,0.65777
WSS,2006,2,1,0.61079
WSS,2006,2,2,0.66115
WSS,2006,2,3,0.66535
WSS,2006,2,4,0.90278
WSS,2006,3,1,1.14203
WSS,2006,3,2,0.81854
WSS,2006,3,3,NA
WSS,2006,3,4,2.34092
WSS,2006,4,1,3.38889
WSS,2006,4,2,1.62681
WSS,2006,4,3,0.84738
WSS,2006,4,4,0.52779
WSS,2006,5,1,0.64852
WSS,2006,5,2,NA
WSS,2006,5,3,0.77228
WSS,2006,5,4,0.64848
WSS,2006,6,1,NA
WSS,2006,6,2,NA
WSS,2006,6,3,0.73575
WSS,2006,6,4,0.64627
WSS,2006,7,1,0.75496
WSS,2006,7,2,NA
WSS,2006,7,3,NA
WSS,2006,7,4,0.72248
WSS,2006,8,1,0.73878
WSS,2006,8,2,0.8464
WSS,2006,8,3,0.6827
WSS,2006,8,4,0.67374
WSS,2006,9,1,0.67021
WSS,2006,9,2,1.31414
WSS,2006,9,3,0.91935
WSS,2006,9,4,0.96627
WSS,2006,10,1,0.9678
WSS,2006,10,2,0.94973
WSS,2006,10,3,0.91596
WSS,2006,10,4,1.28661
WSS,2006,11,1,0.93214
WSS,2006,11,2,0.73041
WSS,2006,11,3,0.63319
WSS,2006,11,4,NA
WSS,2006,12,1,NA
WSS,2006,12,2,0.98995
WSS,2006,12,3,NA
WSS,2006,12,4,0.6137
WSS,2007,1,1,0.9852
WSS,2007,1,2,0.5439
WSS,2007,1,3,NA
WSS,2007,1,4,0.54267
WSS,2007,2,1,NA
WSS,2007,2,2,NA
WSS,2007,2,3,0.82116
WSS,2007,2,4,0.87125
WSS,2007,3,1,0.82566
WSS,2007,3,2,0.93754
WSS,2007,3,3,0.93446
WSS,2007,3,4,1.44952
WSS,2007,4,1,3.97828
WSS,2007,4,2,3.62079
WSS,2007,4,3,0.97199
WSS,2007,4,4,NA
WSS,2007,5,1,0.53918
WSS,2007,5,2,0.71301
WSS,2007,5,3,0.70942
WSS,2007,5,4,0.64981
WSS,2007,6,1,0.58804
WSS,2007,6,2,NA
WSS,2007,6,3,0.51388
WSS,2007,6,4,0.52958
WSS,2007,7,1,0.67985
WSS,2007,7,2,0.68022
WSS,2007,7,3,0.52976
WSS,2007,7,4,0.80278
WSS,2007,8,1,0.65943
WSS,2007,8,2,0.76053
WSS,2007,8,3,0.8722
WSS,2007,8,4,0.72443
WSS,2007,9,1,0.90103
WSS,2007,9,2,0.99453
WSS,2007,9,3,0.9742
WSS,2007,9,4,0.8069
WSS,2007,10,1,0.8397
WSS,2007,10,2,0.76428
WSS,2007,10,3,1.03974
WSS,2007,10,4,0.87174
WSS,2007,11,1,0.8355
WSS,2007,11,2,1.08483
WSS,2007,11,3,NA
WSS,2007,11,4,0.98048
WSS,2007,12,1,NA
WSS,2007,12,2,NA
WSS,2007,12,3,0.86004
WSS,2007,12,4,0.54919
WSS,2008,1,1,0.60756
WSS,2008,1,2,0.72501
WSS,2008,1,3,0.70829
WSS,2008,1,4,0.81672
WSS,2008,2,1,0.75535
WSS,2008,2,2,0.66983
WSS,2008,2,3,0.66707
WSS,2008,2,4,0.63681
WSS,2008,3,1,0.70828
WSS,2008,3,2,NA
WSS,2008,3,3,0.79765
WSS,2008,3,4,0.50431
WSS,2008,4,1,1.0996
WSS,2008,4,2,1.49841
WSS,2008,4,3,2.75947
WSS,2008,4,4,1.38205
WSS,2008,5,1,0.65012
WSS,2008,5,2,0.64403
WSS,2008,5,3,0.44077
WSS,2008,5,4,1.01942
WSS,2008,6,1,0.58913
WSS,2008,6,2,0.63791
WSS,2008,6,3,0.5375
WSS,2008,6,4,0.48526
WSS,2008,7,1,NA
WSS,2008,7,2,0.61466
WSS,2008,7,3,0.60696
WSS,2008,7,4,0.44777
WSS,2008,8,1,0.47037
WSS,2008,8,2,0.31684
WSS,2008,8,3,0.53
WSS,2008,8,4,0.46804
WSS,2008,9,1,0.7605
WSS,2008,9,2,0.71691
WSS,2008,9,3,0.65709
WSS,2008,9,4,0.65756
WSS,2008,10,1,1.28586
WSS,2008,10,2,1.18999
WSS,2008,10,3,0.89053
WSS,2008,10,4,1.15406
WSS,2008,11,1,0.76056
WSS,2008,11,2,0.93879
WSS,2008,11,3,0.75117
WSS,2008,11,4,0.49661
WSS,2008,12,1,0.58757
WSS,2008,12,2,1.03359
WSS,2008,12,3,NA
WSS,2008,12,4,0.78847
WSS,2009,1,1,NA
WSS,2009,1,2,NA
WSS,2009,1,3,0.37106
WSS,2009,1,4,0.77674
WSS,2009,2,1,1.70443
WSS,2009,2,2,0.71552
WSS,2009,2,3,0.96236
WSS,2009,2,4,1.20554
WSS,2009,3,1,0.8192
WSS,2009,3,2,0.96095
WSS,2009,3,3,1.09164
WSS,2009,3,4,0.87781
WSS,2009,4,1,1.40044
WSS,2009,4,2,4.09897
WSS,2009,4,3,1.00433
WSS,2009,4,4,0.49676
WSS,2009,5,1,NA
WSS,2009,5,2,0.55687
WSS,2009,5,3,0.62609
WSS,2009,5,4,0.87528
WSS,2009,6,1,0.58872
WSS,2009,6,2,NA
WSS,2009,6,3,0.63711
WSS,2009,6,4,NA
WSS,2009,7,1,0.51547
WSS,2009,7,2,0.46353
WSS,2009,7,3,0.50478
WSS,2009,7,4,0.64341
WSS,2009,8,1,0.74659
WSS,2009,8,2,0.51529
WSS,2009,8,3,0.45384
WSS,2009,8,4,0.87154
WSS,2009,9,1,0.70001
WSS,2009,9,2,0.65872
WSS,2009,9,3,0.74741
WSS,2009,9,4,0.8505
WSS,2009,10,1,0.788
WSS,2009,10,2,1.20003
WSS,2009,10,3,0.78758
WSS,2009,10,4,1.04562
WSS,2009,11,1,0.54721
WSS,2009,11,2,0.93786
WSS,2009,11,3,1.29089
WSS,2009,11,4,NA
WSS,2009,12,1,NA
WSS,2009,12,2,NA
WSS,2009,12,3,NA
WSS,2009,12,4,1.38181
WSS,2010,1,1,0.59621
WSS,2010,1,2,NA
WSS,2010,1,3,0.99755
WSS,2010,1,4,0.96416
WSS,2010,2,1,NA
WSS,2010,2,2,NA
WSS,2010,2,3,1.01411
WSS,2010,2,4,NA
WSS,2010,3,1,0.9893
WSS,2010,3,2,0.99865
WSS,2010,3,3,0.94317
WSS,2010,3,4,1.7435
WSS,2010,4,1,3.34076
WSS,2010,4,2,0.73183
WSS,2010,4,3,0.76703
WSS,2010,4,4,0.57514
WSS,2010,5,1,0.79983
WSS,2010,5,2,0.75509
WSS,2010,5,3,0.68109
WSS,2010,5,4,0.59415
WSS,2010,6,1,0.60515
WSS,2010,6,2,0.51446
WSS,2010,6,3,NA
WSS,2010,6,4,0.47425
WSS,2010,7,1,0.53949
WSS,2010,7,2,0.4985
WSS,2010,7,3,0.61978
WSS,2010,7,4,0.80294
WSS,2010,8,1,0.72014
WSS,2010,8,2,0.60926
WSS,2010,8,3,0.52761
WSS,2010,8,4,0.56691
WSS,2010,9,1,0.81639
WSS,2010,9,2,0.80994
WSS,2010,9,3,1.06668
WSS,2010,9,4,0.89008
WSS,2010,10,1,1.06416
WSS,2010,10,2,1.29431
WSS,2010,10,3,0.96534
WSS,2010,10,4,NA
WSS,2010,11,1,0.87724
WSS,2010,11,2,0.85331
WSS,2010,11,3,0.92709
WSS,2010,11,4,0.93432
WSS,2010,12,1,1.57563
WSS,2010,12,2,1.15763
WSS,2010,12,3,2.69642
WSS,2010,12,4,0.59259
WSS,2011,1,1,NA
WSS,2011,1,2,NA
WSS,2011,1,3,1.01953
WSS,2011,1,4,0.78708
WSS,2011,2,1,0.88856
WSS,2011,2,2,NA
WSS,2011,2,3,1.02859
WSS,2011,2,4,0.99983
WSS,2011,3,1,1.00109
WSS,2011,3,2,0.73148
WSS,2011,3,3,0.86014
WSS,2011,3,4,0.83378
WSS,2011,4,1,1.03932
WSS,2011,4,2,1.70437
WSS,2011,4,3,1.1358
WSS,2011,4,4,NA
WSS,2011,5,1,0.73066
WSS,2011,5,2,NA
WSS,2011,5,3,NA
WSS,2011,5,4,1.09574
WSS,2011,6,1,0.73791
WSS,2011,6,2,0.65304
WSS,2011,6,3,0.63936
WSS,2011,6,4,0.50211
WSS,2011,7,1,0.60076
WSS,2011,7,2,0.69217
WSS,2011,7,3,0.72053
WSS,2011,7,4,0.82003
WSS,2011,8,1,0.52413
WSS,2011,8,2,0.55411
WSS,2011,8,3,0.57774
WSS,2011,8,4,0.54419
WSS,2011,9,1,0.63804
WSS,2011,9,2,0.6818
WSS,2011,9,3,0.75922
WSS,2011,9,4,0.67531
WSS,2011,10,1,0.87157
WSS,2011,10,2,0.70391
WSS,2011,10,3,0.54962
WSS,2011,10,4,1.22719
WSS,2011,11,1,1.10633
WSS,2011,11,2,0.99253
WSS,2011,11,3,0.92187
WSS,2011,11,4,NA
WSS,2011,12,1,0.48523
WSS,2011,12,2,0.91576
WSS,2011,12,3,0.73463
WSS,2011,12,4,0.4892
WSS,2012,1,1,1.62531
WSS,2012,1,2,0.73206
WSS,2012,1,3,1.13222
WSS,2012,1,4,0.61839
WSS,2012,2,1,0.97033
WSS,2012,2,2,0.94175
WSS,2012,2,3,1.01994
WSS,2012,2,4,1.12162
WSS,2012,3,1,1.38399
WSS,2012,3,2,0.73937
WSS,2012,3,3,1.15347
WSS,2012,3,4,NA
WSS,2012,4,1,1.14191
WSS,2012,4,2,0.67569
WSS,2012,4,3,0.50475
WSS,2012,4,4,0.6661
WSS,2012,5,1,0.61665
WSS,2012,5,2,0.69198
WSS,2012,5,3,0.42434
WSS,2012,5,4,0.77939
WSS,2012,6,1,0.33363
WSS,2012,6,2,0.49843
WSS,2012,6,3,NA
WSS,2012,6,4,0.45504
WSS,2012,7,1,0.48685
WSS,2012,7,2,0.39506
WSS,2012,7,3,0.35147
WSS,2012,7,4,0.37465
WSS,2012,8,1,0.53012
WSS,2012,8,2,0.37045
WSS,2012,8,3,0.61689
WSS,2012,8,4,0.54683
WSS,2012,9,1,0.51585
WSS,2012,9,2,0.5649
WSS,2012,9,3,0.67381
WSS,2012,9,4,0.7206
WSS,2012,10,1,0.8058
WSS,2012,10,2,1.0848
WSS,2012,10,3,1.06458
WSS,2012,10,4,1.17792
WSS,2012,11,1,0.48588
WSS,2012,11,2,0.63897
WSS,2012,11,3,0.93143
WSS,2012,11,4,0.47901
WSS,2012,12,1,0.68884
WSS,2012,12,2,NA
WSS,2012,12,3,NA
WSS,2012,12,4,NA
WSS,2013,1,1,NA
WSS,2013,1,2,0.79205
WSS,2013,1,3,0.85821
WSS,2013,1,4,0.74492
WSS,2013,2,1,NA
WSS,2013,2,2,0.6309
WSS,2013,2,3,0.76584
WSS,2013,2,4,0.76842
WSS,2013,3,1,NA
WSS,2013,3,2,0.55308
WSS,2013,3,3,0.60807
WSS,2013,3,4,0.90902
WSS,2013,4,1,0.93643
WSS,2013,4,2,1.22625
WSS,2013,4,3,1.80157
WSS,2013,4,4,1.23789
WSS,2013,5,1,0.67816
WSS,2013,5,2,0.71304
WSS,2013,5,3,0.63777
WSS,2013,5,4,0.80837
WSS,2013,6,1,0.57696
WSS,2013,6,2,0.65394
WSS,2013,6,3,0.59307
WSS,2013,6,4,0.60825
WSS,2013,7,1,0.82491
WSS,2013,7,2,0.7721
WSS,2013,7,3,0.46877
WSS,2013,7,4,0.73884
WSS,2013,8,1,0.70155
WSS,2013,8,2,0.91271
WSS,2013,8,3,0.92189
WSS,2013,8,4,0.89079
WSS,2013,9,1,0.74111
WSS,2013,9,2,0.90403
WSS,2013,9,3,0.75592
WSS,2013,9,4,0.6277
WSS,2013,10,1,0.6176
WSS,2013,10,2,0.60348
WSS,2013,10,3,0.72926
WSS,2013,10,4,1.27152
WSS,2013,11,1,1.04867
WSS,2013,11,2,NA
WSS,2013,11,3,1.07211
WSS,2013,11,4,1.04205
WSS,2013,12,1,NA
WSS,2013,12,2,NA
WSS,2013,12,3,0.72721
WSS,2013,12,4,NA
WSS,2014,1,1,NA
WSS,2014,1,2,1.76055
WSS,2014,1,3,NA
WSS,2014,1,4,NA
WSS,2014,2,1,0.82305
WSS,2014,2,2,NA
WSS,2014,2,3,0.78788
WSS,2014,2,4,0.60533
WSS,2014,3,1,0.92403
WSS,2014,3,2,1.04534
WSS,2014,3,3,1.06112
WSS,2014,3,4,1.39796
WSS,2014,4,1,2.07909
WSS,2014,4,2,1.46263
WSS,2014,4,3,1.03521
WSS,2014,4,4,0.68757
WSS,2014,5,1,0.95789
WSS,2014,5,2,2.09065
WSS,2014,5,3,0.56766
WSS,2014,5,4,0.58177
WSS,2014,6,1,0.69886
WSS,2014,6,2,0.52438
WSS,2014,6,3,0.58975
WSS,2014,6,4,0.52448
WSS,2014,7,1,0.74341
WSS,2014,7,2,1.38784
WSS,2014,7,3,1.24991
WSS,2014,7,4,NA
WSS,2014,8,1,0.74163
WSS,2014,8,2,0.56626
WSS,2014,8,3,0.49993
WSS,2014,8,4,0.4189
WSS,2014,9,1,0.5791
WSS,2014,9,2,0.57256
WSS,2014,9,3,0.60007
WSS,2014,9,4,0.56756
WSS,2014,10,1,0.62086
WSS,2014,10,2,0.58904
WSS,2014,10,3,0.53076
WSS,2014,10,4,NA
WSS,2014,11,1,0.77049
WSS,2014,11,2,0.87015
WSS,2014,11,3,NA
WSS,2014,11,4,NA
WSS,2014,12,1,NA
WSS,2014,12,2,0.75552
WSS,2014,12,3,NA
WSS,2014,12,4,0.61997
WSS,2015,1,1,NA
WSS,2015,1,2,NA
WSS,2015,1,3,0.62001
WSS,2015,1,4,NA
WSS,2015,2,1,NA
WSS,2015,2,2,0.7632
WSS,2015,2,3,0.72564
WSS,2015,2,4,0.8177
WSS,2015,3,1,0.88822
WSS,2015,3,2,0.71227
WSS,2015,3,3,NA
WSS,2015,3,4,0.75425
WSS,2015,4,1,0.67739
WSS,2015,4,2,0.94445
WSS,2015,4,3,1.71531
WSS,2015,4,4,1.59936
WSS,2015,5,1,0.88713
WSS,2015,5,2,0.46954
WSS,2015,5,3,0.48179
WSS,2015,5,4,0.69126
WSS,2015,6,1,0.52097
WSS,2015,6,2,0.51674
WSS,2015,6,3,0.55083
WSS,2015,6,4,0.57317
WSS,2015,7,1,0.58429
WSS,2015,7,2,0.61183
WSS,2015,7,3,0.55811
WSS,2015,7,4,0.55396
WSS,2015,8,1,0.49202
WSS,2015,8,2,0.56509
WSS,2015,8,3,0.42938
WSS,2015,8,4,0.45024
WSS,2015,9,1,0.45139
WSS,2015,9,2,0.58353
WSS,2015,9,3,0.49539
WSS,2015,9,4,0.41787
WSS,2015,10,1,0.53854
WSS,2015,10,2,0.59399
WSS,2015,10,3,0.86219
WSS,2015,10,4,1.0573
WSS,2015,11,1,1.51503
WSS,2015,11,2,0.8554
WSS,2015,11,3,NA
WSS,2015,11,4,1.1318
WSS,2015,12,1,NA
WSS,2015,12,2,0.9306
WSS,2015,12,3,NA
WSS,2015,12,4,1.08476
WSS,2016,1,1,1.08992
WSS,2016,1,2,0.70823
WSS,2016,1,3,NA
WSS,2016,1,4,1.02104
WSS,2016,2,1,1.1331
WSS,2016,2,2,0.42075
WSS,2016,2,3,0.99872
WSS,2016,2,4,1.19298
WSS,2016,3,1,1.0687
WSS,2016,3,2,1.02642
WSS,2016,3,3,0.82656
WSS,2016,3,4,1.366
WSS,2016,4,1,1.41046
WSS,2016,4,2,1.17925
WSS,2016,4,3,0.74709
WSS,2016,4,4,0.67024
WSS,2016,5,1,0.47825
WSS,2016,5,2,0.87557
WSS,2016,5,3,0.78902
WSS,2016,5,4,0.57594
WSS,2016,6,1,0.6281
WSS,2016,6,2,0.60405
WSS,2016,6,3,0.60819
WSS,2016,6,4,0.69079
WSS,2016,7,1,0.72535
WSS,2016,7,2,0.55264
WSS,2016,7,3,0.62131
WSS,2016,7,4,0.52707
WSS,2016,8,1,0.54365
WSS,2016,8,2,0.50093
WSS,2016,8,3,0.56078
WSS,2016,8,4,0.5865
WSS,2016,9,1,0.51324
WSS,2016,9,2,0.65493
WSS,2016,9,3,0.53309
WSS,2016,9,4,0.70558
WSS,2016,10,1,0.66102
WSS,2016,10,2,0.79985
WSS,2016,10,3,0.82557
WSS,2016,10,4,NA
WSS,2016,11,1,1.01507
WSS,2016,11,2,1.13192
WSS,2016,11,3,NA
WSS,2016,11,4,NA
WSS,2016,12,1,NA
WSS,2016,12,2,NA
WSS,2016,12,3,0.96662
WSS,2016,12,4,1.42831
WSS,2017,1,1,4.72125
WSS,2017,1,2,0.94858
WSS,2017,1,3,0.98286
WSS,2017,1,4,0.67699
WSS,2017,2,1,2.60231
WSS,2017,2,2,NA
WSS,2017,2,3,0.97939
WSS,2017,2,4,0.82498
WSS,2017,3,1,0.9681
WSS,2017,3,2,0.92824
WSS,2017,3,3,0.80761
WSS,2017,3,4,1.02869
WSS,2017,4,1,1.82372
WSS,2017,4,2,2.00263
WSS,2017,4,3,0.79684
WSS,2017,4,4,NA
WSS,2017,5,1,0.61932
WSS,2017,5,2,0.71393
WSS,2017,5,3,0.97595
WSS,2017,5,4,0.44274
WSS,2017,6,1,0.5727
WSS,2017,6,2,0.58472
WSS,2017,6,3,NA
WSS,2017,6,4,0.65633
WSS,2017,7,1,0.61822
WSS,2017,7,2,0.51997
WSS,2017,7,3,0.5366
WSS,2017,7,4,0.46041
WSS,2017,8,1,0.51183
WSS,2017,8,2,0.48308
WSS,2017,8,3,0.66273
WSS,2017,8,4,0.59277
WSS,2017,9,1,0.66913
WSS,2017,9,2,0.46756
WSS,2017,9,3,0.3102
WSS,2017,9,4,0.56866
WSS,2017,10,1,0.48267
WSS,2017,10,2,0.61351
WSS,2017,10,3,0.57236
WSS,2017,10,4,0.65702
WSS,2017,11,1,0.79888
WSS,2017,11,2,NA
WSS,2017,11,3,1.10542
WSS,2017,11,4,0.96666
WSS,2017,12,1,NA
WSS,2017,12,2,NA
WSS,2017,12,3,NA
WSS,2017,12,4,NA
WSS,2018,1,1,NA
WSS,2018,1,2,0.9338
WSS,2018,1,3,1.09749
WSS,2018,1,4,1.17558
WSS,2018,2,1,NA
WSS,2018,2,2,1.2811
WSS,2018,2,3,0.93287
WSS,2018,2,4,1.01564
WSS,2018,3,1,NA
WSS,2018,3,2,0.89072
WSS,2018,3,3,NA
WSS,2018,3,4,1.35083
WSS,2018,4,1,NA
WSS,2018,4,2,0.64714
WSS,2018,4,3,0.71228
WSS,2018,4,4,0.80169
WSS,2018,5,1,0.6877
WSS,2018,5,2,0.52488
WSS,2018,5,3,0.55164
WSS,2018,5,4,0.6194
WSS,2018,6,1,0.48428
WSS,2018,6,2,0.59247
WSS,2018,6,3,0.55297
WSS,2018,6,4,0.55795
WSS,2018,7,1,0.43641
WSS,2018,7,2,0.43111
WSS,2018,7,3,0.39882
WSS,2018,7,4,0.38014
WSS,2018,8,1,0.37261
WSS,2018,8,2,0.35501
WSS,2018,8,3,0.62738
WSS,2018,8,4,0.43904
WSS,2018,9,1,0.44182
WSS,2018,9,2,0.43896
WSS,2018,9,3,0.40791
WSS,2018,9,4,0.67047
WSS,2018,10,1,0.73452
WSS,2018,10,2,NA
WSS,2018,10,3,0.9986
WSS,2018,10,4,0.65751
WSS,2018,11,1,1.36695
WSS,2018,11,2,1.33466
WSS,2018,11,3,0.8346
WSS,2018,11,4,NA
WSS,2018,12,1,NA
WSS,2018,12,2,0.68102
WSS,2018,12,3,0.81226
WSS,2018,12,4,0.78136
WSS,2019,1,1,1.09153
WSS,2019,1,2,0.98485
WSS,2019,1,3,0.88752
WSS,2019,1,4,0.8168
WSS,2019,2,1,1.30308
WSS,2019,2,2,1.30111
WSS,2019,2,3,1.19057
WSS,2019,2,4,0.65524
WSS,2019,3,1,0.69365
WSS,2019,3,2,0.85378
WSS,2019,3,3,0.73168
WSS,2019,3,4,1.04157
WSS,2019,4,1,3.3146
WSS,2019,4,2,4.26955
WSS,2019,4,3,1.46847
WSS,2019,4,4,0.77008
WSS,2019,5,1,0.59448
WSS,2019,5,2,0.70279
WSS,2019,5,3,0.72988
WSS,2019,5,4,0.72419
WSS,2019,6,1,0.52645
WSS,2019,6,2,0.58887
WSS,2019,6,3,0.52309
WSS,2019,6,4,0.71736
WSS,2019,7,1,0.70249
WSS,2019,7,2,0.72504
WSS,2019,7,3,0.51869
WSS,2019,7,4,0.59811
WSS,2019,8,1,0.63235
WSS,2019,8,2,0.97862
WSS,2019,8,3,0.40895
WSS,2019,8,4,0.46103
WSS,2019,9,1,0.54508
WSS,2019,9,2,0.88012
WSS,2019,9,3,0.67209
WSS,2019,9,4,0.70474
WSS,2019,10,1,0.89975
WSS,2019,10,2,NA
WSS,2019,10,3,0.91736
WSS,2019,10,4,0.78157
WSS,2019,11,1,0.91601
WSS,2019,11,2,NA
WSS,2019,11,3,1.27684
WSS,2019,11,4,0.66726
GB,2002,7,1,1.02012
GB,2002,7,2,1.13889
GB,2002,7,3,0.97964
GB,2002,7,4,1.25919
GB,2002,8,1,1.22455
GB,2002,8,2,1.29796
GB,2002,8,3,1.36497
GB,2002,8,4,1.26778
GB,2002,9,1,1.69129
GB,2002,9,2,2.13903
GB,2002,9,3,1.33089
GB,2002,9,4,1.94771
GB,2002,10,1,3.04836
GB,2002,10,2,3.92658
GB,2002,10,3,1.8719
GB,2002,10,4,2.34987
GB,2002,11,1,1.64116
GB,2002,11,2,1.58098
GB,2002,11,3,1.35567
GB,2002,11,4,1.71395
GB,2002,12,1,NA
GB,2002,12,2,1.09638
GB,2002,12,3,1.12507
GB,2002,12,4,1.56689
GB,2003,1,1,NA
GB,2003,1,2,0.66192
GB,2003,1,3,NA
GB,2003,1,4,0.6497
GB,2003,2,1,1.23614
GB,2003,2,2,0.52188
GB,2003,2,3,0.90794
GB,2003,2,4,1.10602
GB,2003,3,1,0.90637
GB,2003,3,2,0.92198
GB,2003,3,3,1.00516
GB,2003,3,4,1.69294
GB,2003,4,1,2.44991
GB,2003,4,2,6.39098
GB,2003,4,3,5.27471
GB,2003,4,4,7.2607
GB,2003,5,1,NA
GB,2003,5,2,2.13079
GB,2003,5,3,1.28338
GB,2003,5,4,0.82601
GB,2003,6,1,1.60722
GB,2003,6,2,1.65986
GB,2003,6,3,1.95766
GB,2003,6,4,1.30049
GB,2003,7,1,1.35004
GB,2003,7,2,NA
GB,2003,7,3,1.54423
GB,2003,7,4,1.71055
GB,2003,8,1,1.04919
GB,2003,8,2,0.76736
GB,2003,8,3,1.03128
GB,2003,8,4,1.78387
GB,2003,9,1,1.82423
GB,2003,9,2,1.49912
GB,2003,9,3,1.29503
GB,2003,9,4,1.53193
GB,2003,10,1,1.6162
GB,2003,10,2,2.29351
GB,2003,10,3,1.68539
GB,2003,10,4,1.46345
GB,2003,11,1,NA
GB,2003,11,2,1.522
GB,2003,11,3,1.12386
GB,2003,11,4,NA
GB,2003,12,1,1.91208
GB,2003,12,2,1.45149
GB,2003,12,3,1.53407
GB,2003,12,4,1.30455
GB,2004,1,1,NA
GB,2004,1,2,NA
GB,2004,1,3,NA
GB,2004,1,4,NA
GB,2004,2,1,0.82551
GB,2004,2,2,0.98856
GB,2004,2,3,1.14609
GB,2004,2,4,1.01188
GB,2004,3,1,1.22193
GB,2004,3,2,6.6679
GB,2004,3,3,1.86228
GB,2004,3,4,3.36042
GB,2004,4,1,4.55656
GB,2004,4,2,5.10224
GB,2004,4,3,4.58919
GB,2004,4,4,5.57352
GB,2004,5,1,0.92905
GB,2004,5,2,NA
GB,2004,5,3,1.06109
GB,2004,5,4,1.79763
GB,2004,6,1,2.60849
GB,2004,6,2,1.51702
GB,2004,6,3,1.45439
GB,2004,6,4,1.74927
GB,2004,7,1,1.53085
GB,2004,7,2,1.16
GB,2004,7,3,NA
GB,2004,7,4,1.33588
GB,2004,8,1,1.75486
GB,2004,8,2,1.53932
GB,2004,8,3,1.20423
GB,2004,8,4,1.1741
GB,2004,9,1,1.21311
GB,2004,9,2,1.24229
GB,2004,9,3,1.58341
GB,2004,9,4,1.37634
GB,2004,10,1,1.34229
GB,2004,10,2,1.79801
GB,2004,10,3,1.61136
GB,2004,10,4,1.16035
GB,2004,11,1,1.51242
GB,2004,11,2,1.48164
GB,2004,11,3,1.33884
GB,2004,11,4,1.25272
GB,2004,12,1,1.08762
GB,2004,12,2,1.94944
GB,2004,12,3,1.29984
GB,2004,12,4,1.40227
GB,2005,1,1,1.36368
GB,2005,1,2,NA
GB,2005,1,3,NA
GB,2005,1,4,1.5026
GB,2005,2,1,1.09956
GB,2005,2,2,0.64762
GB,2005,2,3,1.50903
GB,2005,2,4,NA
GB,2005,3,1,1.13236
GB,2005,3,2,0.85748
GB,2005,3,3,1.11619
GB,2005,3,4,1.67073
GB,2005,4,1,1.93564
GB,2005,4,2,2.09178
GB,2005,4,3,4.34492
GB,2005,4,4,1.37447
GB,2005,5,1,1.1962
GB,2005,5,2,NA
GB,2005,5,3,NA
GB,2005,5,4,1.4455
GB,2005,6,1,1.05331
GB,2005,6,2,NA
GB,2005,6,3,1.24423
GB,2005,6,4,0.66527
GB,2005,7,1,1.73921
GB,2005,7,2,1.1169
GB,2005,7,3,1.28443
GB,2005,7,4,1.69803
GB,2005,8,1,1.30883
GB,2005,8,2,0.79602
GB,2005,8,3,1.45755
GB,2005,8,4,1.49224
GB,2005,9,1,1.60004
GB,2005,9,2,1.59869
GB,2005,9,3,1.28177
GB,2005,9,4,1.70341
GB,2005,10,1,1.25749
GB,2005,10,2,1.28022
GB,2005,10,3,1.47842
GB,2005,10,4,1.29372
GB,2005,11,1,1.33961
GB,2005,11,2,1.34602
GB,2005,11,3,1.11455
GB,2005,11,4,1.25876
GB,2005,12,1,NA
GB,2005,12,2,1.43548
GB,2005,12,3,1.16328
GB,2005,12,4,1.55261
GB,2006,1,1,NA
GB,2006,1,2,1.4041
GB,2006,1,3,1.3262100000000001
GB,2006,1,4,1.03858
GB,2006,2,1,1.339
GB,2006,2,2,1.1754
GB,2006,2,3,0.99146
GB,2006,2,4,NA
GB,2006,3,1,0.71656
GB,2006,3,2,1.09626
GB,2006,3,3,NA
GB,2006,3,4,2.7196
GB,2006,4,1,4.00743
GB,2006,4,2,1.91564
GB,2006,4,3,3.86344
GB,2006,4,4,1.25665
GB,2006,5,1,NA
GB,2006,5,2,NA
GB,2006,5,3,1.55667
GB,2006,5,4,2.50088
GB,2006,6,1,0.93663
GB,2006,6,2,1.57068
GB,2006,6,3,1.50382
GB,2006,6,4,1.54721
GB,2006,7,1,1.47429
GB,2006,7,2,2.26091
GB,2006,7,3,1.62755
GB,2006,7,4,1.33736
GB,2006,8,1,1.28842
GB,2006,8,2,1.9448
GB,2006,8,3,1.30248
GB,2006,8,4,1.54359
GB,2006,9,1,0.99261
GB,2006,9,2,1.29904
GB,2006,9,3,1.6764
GB,2006,9,4,1.86821
GB,2006,10,1,1.57001
GB,2006,10,2,1.91563
GB,2006,10,3,1.433
GB,2006,10,4,3.6991
GB,2006,11,1,0.96378
GB,2006,11,2,1.52903
GB,2006,11,3,1.57289
GB,2006,11,4,0.93278
GB,2006,12,1,1.45407
GB,2006,12,2,1.4643
GB,2006,12,3,NA
GB,2006,12,4,1.16305
GB,2007,1,1,NA
GB,2007,1,2,NA
GB,2007,1,3,NA
GB,2007,1,4,0.66124
GB,2007,2,1,NA
GB,2007,2,2,2.05332
GB,2007,2,3,1.87686
GB,2007,2,4,NA
GB,2007,3,1,0.9977
GB,2007,3,2,1.07743
GB,2007,3,3,1.62817
GB,2007,3,4,2.01343
GB,2007,4,1,2.34792
GB,2007,4,2,2.66376
GB,2007,4,3,2.43394
GB,2007,4,4,2.01229
GB,2007,5,1,1.2596
GB,2007,5,2,1.43984
GB,2007,5,3,1.75465
GB,2007,5,4,1.63591
GB,2007,6,1,1.64671
GB,2007,6,2,NA
GB,2007,6,3,1.57565
GB,2007,6,4,1.21916
GB,2007,7,1,1.40305
GB,2007,7,2,NA
GB,2007,7,3,0.8151
GB,2007,7,4,1.09225
GB,2007,8,1,1.36673
GB,2007,8,2,1.39899
GB,2007,8,3,2.10203
GB,2007,8,4,1.37145
GB,2007,9,1,1.38245
GB,2007,9,2,1.57329
GB,2007,9,3,1.45232
GB,2007,9,4,1.92233
GB,2007,10,1,2.37369
GB,2007,10,2,1.11091
GB,2007,10,3,1.79877
GB,2007,10,4,1.6294
GB,2007,11,1,1.87438
GB,2007,11,2,1.78367
GB,2007,11,3,1.20226
GB,2007,11,4,1.26914
GB,2007,12,1,NA
GB,2007,12,2,NA
GB,2007,12,3,1.27282
GB,2007,12,4,1.37495
GB,2008,1,1,1.02852
GB,2008,1,2,1.35509
GB,2008,1,3,1.66065
GB,2008,1,4,1.29747
GB,2008,2,1,1.18415
GB,2008,2,2,1.28104
GB,2008,2,3,1.53357
GB,2008,2,4,NA
GB,2008,3,1,1.25228
GB,2008,3,2,1.90513
GB,2008,3,3,2.30509
GB,2008,3,4,3.00706
GB,2008,4,1,4.03809
GB,2008,4,2,2.09566
GB,2008,4,3,1.50059
GB,2008,4,4,1.97698
GB,2008,5,1,1.43498
GB,2008,5,2,10.24544
GB,2008,5,3,0.86481
GB,2008,5,4,1.4806
GB,2008,6,1,1.29564
GB,2008,6,2,1.20472
GB,2008,6,3,1.14033
GB,2008,6,4,NA
GB,2008,7,1,0.96625
GB,2008,7,2,1.48394
GB,2008,7,3,1.81857
GB,2008,7,4,1.36078
GB,2008,8,1,1.15567
GB,2008,8,2,0.78361
GB,2008,8,3,1.08014
GB,2008,8,4,1.83403
GB,2008,9,1,1.58374
GB,2008,9,2,1.74139
GB,2008,9,3,1.38343
GB,2008,9,4,1.43532
GB,2008,10,1,1.39349
GB,2008,10,2,1.4266
GB,2008,10,3,1.16152
GB,2008,10,4,1.48155
GB,2008,11,1,1.0038
GB,2008,11,2,1.15966
GB,2008,11,3,NA
GB,2008,11,4,1.49521
GB,2008,12,1,1.16145
GB,2008,12,2,1.13129
GB,2008,12,3,NA
GB,2008,12,4,1.3227
GB,2009,1,1,1.27835
GB,2009,1,2,NA
GB,2009,1,3,0.83144
GB,2009,1,4,NA
GB,2009,2,1,0.94848
GB,2009,2,2,NA
GB,2009,2,3,0.93588
GB,2009,2,4,NA
GB,2009,3,1,1.17963
GB,2009,3,2,2.08909
GB,2009,3,3,4.85369
GB,2009,3,4,5.57298
GB,2009,4,1,6.5152
GB,2009,4,2,4.51436
GB,2009,4,3,4.09851
GB,2009,4,4,3.37619
GB,2009,5,1,NA
GB,2009,5,2,NA
GB,2009,5,3,1.21836
GB,2009,5,4,1.87352
GB,2009,6,1,1.56542
GB,2009,6,2,NA
GB,2009,6,3,1.64463
GB,2009,6,4,0.98328
GB,2009,7,1,1.87359
GB,2009,7,2,1.51625
GB,2009,7,3,1.44284
GB,2009,7,4,NA
GB,2009,8,1,1.2798
GB,2009,8,2,1.11274
GB,2009,8,3,1.07714
GB,2009,8,4,2.06005
GB,2009,9,1,1.97715
GB,2009,9,2,1.88002
GB,2009,9,3,2.37831
GB,2009,9,4,2.03851
GB,2009,10,1,1.7141
GB,2009,10,2,2.04619
GB,2009,10,3,1.24505
GB,2009,10,4,1.63188
GB,2009,11,1,1.39761
GB,2009,11,2,1.2824
GB,2009,11,3,1.53686
GB,2009,11,4,NA
GB,2009,12,1,1.53781
GB,2009,12,2,1.79368
GB,2009,12,3,NA
GB,2009,12,4,NA
GB,2010,1,1,NA
GB,2010,1,2,0.95284
GB,2010,1,3,NA
GB,2010,1,4,0.97611
GB,2010,2,1,NA
GB,2010,2,2,NA
GB,2010,2,3,1.31552
GB,2010,2,4,NA
GB,2010,3,1,1.21141
GB,2010,3,2,1.14439
GB,2010,3,3,1.23776
GB,2010,3,4,1.70127
GB,2010,4,1,1.48355
GB,2010,4,2,2.15123
GB,2010,4,3,4.85686
GB,2010,4,4,8.70005
GB,2010,5,1,2.4619
GB,2010,5,2,1.12293
GB,2010,5,3,1.20417
GB,2010,5,4,1.53926
GB,2010,6,1,1.39675
GB,2010,6,2,1.2397
GB,2010,6,3,1.15411
GB,2010,6,4,1.69765
GB,2010,7,1,1.82958
GB,2010,7,2,NA
GB,2010,7,3,1.51593
GB,2010,7,4,1.77349
GB,2010,8,1,1.66362
GB,2010,8,2,1.64511
GB,2010,8,3,1.21647
GB,2010,8,4,1.22499
GB,2010,9,1,1.91417
GB,2010,9,2,1.63771
GB,2010,9,3,2.00272
GB,2010,9,4,1.57695
GB,2010,10,1,2.48905
GB,2010,10,2,2.5887
GB,2010,10,3,1.96444
GB,2010,10,4,NA
GB,2010,11,1,NA
GB,2010,11,2,1.41405
GB,2010,11,3,1.64673
GB,2010,11,4,2.38572
GB,2010,12,1,0.66988
GB,2010,12,2,NA
GB,2010,12,3,NA
GB,2010,12,4,1.23894
GB,2011,1,1,NA
GB,2011,1,2,NA
GB,2011,1,3,NA
GB,2011,1,4,NA
GB,2011,2,1,1.09729
GB,2011,2,2,NA
GB,2011,2,3,1.09285
GB,2011,2,4,1.07772
GB,2011,3,1,1.12947
GB,2011,3,2,0.84453
GB,2011,3,3,1.36629
GB,2011,3,4,4.62456
GB,2011,4,1,4.28069
GB,2011,4,2,7.53863
GB,2011,4,3,9.51333
GB,2011,4,4,1.12983
GB,2011,5,1,0.92451
GB,2011,5,2,NA
GB,2011,5,3,NA
GB,2011,5,4,0.75058
GB,2011,6,1,1.0717
GB,2011,6,2,NA
GB,2011,6,3,1.0399
GB,2011,6,4,1.76872
GB,2011,7,1,1.08495
GB,2011,7,2,1.46323
GB,2011,7,3,1.81781
GB,2011,7,4,1.23223
GB,2011,8,1,1.6809
GB,2011,8,2,1.43518
GB,2011,8,3,1.47238
GB,2011,8,4,1.43103
GB,2011,9,1,1.1849
GB,2011,9,2,1.34828
GB,2011,9,3,1.87074
GB,2011,9,4,1.69455
GB,2011,10,1,2.36557
GB,2011,10,2,2.32872
GB,2011,10,3,1.64735
GB,2011,10,4,4.05542
GB,2011,11,1,1.88635
GB,2011,11,2,2.75692
GB,2011,11,3,1.93493
GB,2011,11,4,2.11793
GB,2011,12,1,1.54127
GB,2011,12,2,2.44356
GB,2011,12,3,1.75886
GB,2011,12,4,1.06835
GB,2012,1,1,1.22114
GB,2012,1,2,1.05147
GB,2012,1,3,NA
GB,2012,1,4,1.90411
GB,2012,2,1,1.11758
GB,2012,2,2,1.13237
GB,2012,2,3,1.20338
GB,2012,2,4,1.05119
GB,2012,3,1,1.44352
GB,2012,3,2,1.38103
GB,2012,3,3,1.61102
GB,2012,3,4,NA
GB,2012,4,1,2.67955
GB,2012,4,2,3.86152
GB,2012,4,3,1.68627
GB,2012,4,4,1.41236
GB,2012,5,1,1.42615
GB,2012,5,2,2.05196
GB,2012,5,3,1.06384
GB,2012,5,4,1.33039
GB,2012,6,1,NA
GB,2012,6,2,1.71583
GB,2012,6,3,1.50494
GB,2012,6,4,1.55097
GB,2012,7,1,1.55412
GB,2012,7,2,1.21673
GB,2012,7,3,1.23069
GB,2012,7,4,1.11159
GB,2012,8,1,1.20148
GB,2012,8,2,1.35217
GB,2012,8,3,1.1018
GB,2012,8,4,1.804
GB,2012,9,1,1.67313
GB,2012,9,2,1.47185
GB,2012,9,3,1.76677
GB,2012,9,4,1.23521
GB,2012,10,1,1.11701
GB,2012,10,2,1.93551
GB,2012,10,3,1.61201
GB,2012,10,4,1.50211
GB,2012,11,1,1.78458
GB,2012,11,2,1.68437
GB,2012,11,3,1.61043
GB,2012,11,4,NA
GB,2012,12,1,1.16962
GB,2012,12,2,1.31385
GB,2012,12,3,NA
GB,2012,12,4,NA
GB,2013,1,1,NA
GB,2013,1,2,1.4243
GB,2013,1,3,1.21903
GB,2013,1,4,NA
GB,2013,2,1,NA
GB,2013,2,2,1.30686
GB,2013,2,3,1.109
GB,2013,2,4,0.71941
GB,2013,3,1,NA
GB,2013,3,2,0.83775
GB,2013,3,3,NA
GB,2013,3,4,1.30773
GB,2013,4,1,1.56732
GB,2013,4,2,NA
GB,2013,4,3,1.24661
GB,2013,4,4,1.68229
GB,2013,5,1,4.20828
GB,2013,5,2,1.47323
GB,2013,5,3,1.05202
GB,2013,5,4,1.30935
GB,2013,6,1,1.22036
GB,2013,6,2,1.13606
GB,2013,6,3,1.58794
GB,2013,6,4,NA
GB,2013,7,1,1.19093
GB,2013,7,2,0.92375
GB,2013,7,3,0.93414
GB,2013,7,4,1.30183
GB,2013,8,1,1.26157
GB,2013,8,2,1.18472
GB,2013,8,3,1.54893
GB,2013,8,4,1.58068
GB,2013,9,1,1.64482
GB,2013,9,2,1.75885
GB,2013,9,3,1.67448
GB,2013,9,4,1.73993
GB,2013,10,1,1.49198
GB,2013,10,2,1.83331
GB,2013,10,3,1.37969
GB,2013,10,4,1.77144
GB,2013,11,1,2.18515
GB,2013,11,2,1.95214
GB,2013,11,3,1.37383
GB,2013,11,4,NA
GB,2013,12,1,NA
GB,2013,12,2,NA
GB,2013,12,3,NA
GB,2013,12,4,0.94367
GB,2014,1,1,NA
GB,2014,1,2,1.55393
GB,2014,1,3,1.50173
GB,2014,1,4,NA
GB,2014,2,1,NA
GB,2014,2,2,NA
GB,2014,2,3,1.493
GB,2014,2,4,NA
GB,2014,3,1,1.62035
GB,2014,3,2,NA
GB,2014,3,3,3.47922
GB,2014,3,4,4.70691
GB,2014,4,1,2.98795
GB,2014,4,2,1.83669
GB,2014,4,3,2.16612
GB,2014,4,4,NA
GB,2014,5,1,1.07142
GB,2014,5,2,1.10737
GB,2014,5,3,1.39736
GB,2014,5,4,2.41107
GB,2014,6,1,1.98996
GB,2014,6,2,1.70616
GB,2014,6,3,1.51801
GB,2014,6,4,1.4588
GB,2014,7,1,1.245
GB,2014,7,2,1.34915
GB,2014,7,3,1.13837
GB,2014,7,4,1.04585
GB,2014,8,1,1.00228
GB,2014,8,2,1.52411
GB,2014,8,3,2.17103
GB,2014,8,4,1.51625
GB,2014,9,1,1.39356
GB,2014,9,2,1.7435
GB,2014,9,3,1.96757
GB,2014,9,4,1.53115
GB,2014,10,1,2.03297
GB,2014,10,2,1.91913
GB,2014,10,3,3.17888
GB,2014,10,4,2.82728
GB,2014,11,1,2.89176
GB,2014,11,2,2.07457
GB,2014,11,3,NA
GB,2014,11,4,NA
GB,2014,12,1,1.56765
GB,2014,12,2,NA
GB,2014,12,3,NA
GB,2014,12,4,1.8338
GB,2015,1,1,NA
GB,2015,1,2,2.43604
GB,2015,1,3,NA
GB,2015,1,4,NA
GB,2015,2,1,1.19247
GB,2015,2,2,1.2189
GB,2015,2,3,1.46309
GB,2015,2,4,1.49232
GB,2015,3,1,1.48121
GB,2015,3,2,3.14172
GB,2015,3,3,NA
GB,2015,3,4,3.57598
GB,2015,4,1,6.81487
GB,2015,4,2,3.91684
GB,2015,4,3,1.48602
GB,2015,4,4,1.43583
GB,2015,5,1,0.46742
GB,2015,5,2,1.21566
GB,2015,5,3,1.20171
GB,2015,5,4,1.67187
GB,2015,6,1,1.06081
GB,2015,6,2,1.35611
GB,2015,6,3,1.60311
GB,2015,6,4,1.19584
GB,2015,7,1,1.53038
GB,2015,7,2,1.53754
GB,2015,7,3,1.21298
GB,2015,7,4,0.94545
GB,2015,8,1,1.10989
GB,2015,8,2,1.1117
GB,2015,8,3,1.2758
GB,2015,8,4,1.78376
GB,2015,9,1,1.93783
GB,2015,9,2,1.68793
GB,2015,9,3,1.17712
GB,2015,9,4,2.14021
GB,2015,10,1,1.68493
GB,2015,10,2,1.92341
GB,2015,10,3,1.32512
GB,2015,10,4,2.31587
GB,2015,11,1,1.77496
GB,2015,11,2,2.17294
GB,2015,11,3,NA
GB,2015,11,4,1.57164
GB,2015,12,1,0.99923
GB,2015,12,2,1.4606
GB,2015,12,3,NA
GB,2015,12,4,2.09932
GB,2016,1,1,1.48711
GB,2016,1,2,NA
GB,2016,1,3,NA
GB,2016,1,4,1.31056
GB,2016,2,1,1.51263
GB,2016,2,2,NA
GB,2016,2,3,1.57236
GB,2016,2,4,1.92647
GB,2016,3,1,2.48891
GB,2016,3,2,2.45856
GB,2016,3,3,5.47938
GB,2016,3,4,9.62465
GB,2016,4,1,1.17759
GB,2016,4,2,3.49871
GB,2016,4,3,1.79045
GB,2016,4,4,1.59875
GB,2016,5,1,0.79964
GB,2016,5,2,1.64376
GB,2016,5,3,3.81579
GB,2016,5,4,1.48874
GB,2016,6,1,1.99476
GB,2016,6,2,1.73274
GB,2016,6,3,1.62947
GB,2016,6,4,1.45114
GB,2016,7,1,1.66521
GB,2016,7,2,1.2329
GB,2016,7,3,1.52932
GB,2016,7,4,1.32981
GB,2016,8,1,1.23136
GB,2016,8,2,1.45139
GB,2016,8,3,1.39174
GB,2016,8,4,1.82791
GB,2016,9,1,1.68541
GB,2016,9,2,1.96125
GB,2016,9,3,1.88777
GB,2016,9,4,1.05539
GB,2016,10,1,1.30938
GB,2016,10,2,1.62765
GB,2016,10,3,1.65795
GB,2016,10,4,1.68853
GB,2016,11,1,2.13704
GB,2016,11,2,1.94568
GB,2016,11,3,NA
GB,2016,11,4,NA
GB,2016,12,1,1.64712
GB,2016,12,2,NA
GB,2016,12,3,1.78477
GB,2016,12,4,2.40569
GB,2017,1,1,1.77445
GB,2017,1,2,2.05834
GB,2017,1,3,1.95245
GB,2017,1,4,1.43544
GB,2017,2,1,1.68012
GB,2017,2,2,NA
GB,2017,2,3,1.40384
GB,2017,2,4,1.38738
GB,2017,3,1,1.6632
GB,2017,3,2,1.59012
GB,2017,3,3,1.04757
GB,2017,3,4,1.2383
GB,2017,4,1,1.6016
GB,2017,4,2,2.15035
GB,2017,4,3,2.39155
GB,2017,4,4,2.5025
GB,2017,5,1,3.57474
GB,2017,5,2,0.9463
GB,2017,5,3,1.05704
GB,2017,5,4,NA
GB,2017,6,1,1.4365
GB,2017,6,2,1.66154
GB,2017,6,3,2.0649
GB,2017,6,4,1.20233
GB,2017,7,1,1.16236
GB,2017,7,2,1.34949
GB,2017,7,3,1.1826
GB,2017,7,4,2.08701
GB,2017,8,1,1.02533
GB,2017,8,2,1.53806
GB,2017,8,3,1.92956
GB,2017,8,4,2.14733
GB,2017,9,1,1.70434
GB,2017,9,2,1.73283
GB,2017,9,3,0.81998
GB,2017,9,4,1.48682
GB,2017,10,1,2.14323
GB,2017,10,2,2.59821
GB,2017,10,3,2.28481
GB,2017,10,4,1.98448
GB,2017,11,1,2.48003
GB,2017,11,2,1.1935
GB,2017,11,3,1.88221
GB,2017,11,4,1.472
GB,2017,12,1,NA
GB,2017,12,2,NA
GB,2017,12,3,NA
GB,2017,12,4,NA
GB,2018,1,1,NA
GB,2018,1,2,1.1496
GB,2018,1,3,2.23714
GB,2018,1,4,1.28956
GB,2018,2,1,NA
GB,2018,2,2,NA
GB,2018,2,3,1.17143
GB,2018,2,4,1.37643
GB,2018,3,1,NA
GB,2018,3,2,1.22751
GB,2018,3,3,NA
GB,2018,3,4,2.55915
GB,2018,4,1,1.60529
GB,2018,4,2,1.93449
GB,2018,4,3,1.68486
GB,2018,4,4,1.15546
GB,2018,5,1,0.94857
GB,2018,5,2,1.43733
GB,2018,5,3,0.99819
GB,2018,5,4,0.9909
GB,2018,6,1,1.50172
GB,2018,6,2,1.57263
GB,2018,6,3,1.62733
GB,2018,6,4,1.71085
GB,2018,7,1,1.39543
GB,2018,7,2,1.72903
GB,2018,7,3,1.89761
GB,2018,7,4,0.98053
GB,2018,8,1,1.33126
GB,2018,8,2,1.27789
GB,2018,8,3,0.95309
GB,2018,8,4,1.44301
GB,2018,9,1,1.07758
GB,2018,9,2,1.13908
GB,2018,9,3,1.77722
GB,2018,9,4,1.37322
GB,2018,10,1,1.11797
GB,2018,10,2,1.21218
GB,2018,10,3,1.96906
GB,2018,10,4,NA
GB,2018,11,1,1.87129
GB,2018,11,2,1.82093
GB,2018,11,3,NA
GB,2018,11,4,NA
GB,2018,12,1,NA
GB,2018,12,2,0.89869
GB,2018,12,3,1.92108
GB,2018,12,4,1.21858
GB,2019,1,1,NA
GB,2019,1,2,1.14737
GB,2019,1,3,NA
GB,2019,1,4,1.18158
GB,2019,2,1,1.07251
GB,2019,2,2,NA
GB,2019,2,3,1.14126
GB,2019,2,4,NA
GB,2019,3,1,1.18283
GB,2019,3,2,1.23476
GB,2019,3,3,1.48714
GB,2019,3,4,1.85427
GB,2019,4,1,2.98774
GB,2019,4,2,6.73519
GB,2019,4,3,4.48601
GB,2019,4,4,1.09661
GB,2019,5,1,1.19456
GB,2019,5,2,1.22497
GB,2019,5,3,2.80976
GB,2019,5,4,2.33484
GB,2019,6,1,1.65022
GB,2019,6,2,1.30222
GB,2019,6,3,1.35493
GB,2019,6,4,1.42021
GB,2019,7,1,1.36501
GB,2019,7,2,1.49156
GB,2019,7,3,1.49484
GB,2019,7,4,1.63071
GB,2019,8,1,1.20533
GB,2019,8,2,1.11546
GB,2019,8,3,1.29422
GB,2019,8,4,1.24607
GB,2019,9,1,1.35212
GB,2019,9,2,1.30172
GB,2019,9,3,1.28058
GB,2019,9,4,1.49921
GB,2019,10,1,1.43315
GB,2019,10,2,0.6874
GB,2019,10,3,1.53246
GB,2019,10,4,1.73342
GB,2019,11,1,2.17192
GB,2019,11,2,1.26846
GB,2019,11,3,NA
GB,2019,11,4,1.78572
LS,2002,7,1,1.08142
LS,2002,7,2,1.55165
LS,2002,7,3,1.37947
LS,2002,7,4,1.8627
LS,2002,8,1,1.34164
LS,2002,8,2,1.27691
LS,2002,8,3,1.61883
LS,2002,8,4,1.78288
LS,2002,9,1,1.57916
LS,2002,9,2,1.09887
LS,2002,9,3,1.85614
LS,2002,9,4,1.27492
LS,2002,10,1,1.44317
LS,2002,10,2,1.39428
LS,2002,10,3,1.2625
LS,2002,10,4,1.24739
LS,2002,11,1,NA
LS,2002,11,2,1.1951
LS,2002,11,3,0.70529
LS,2002,11,4,NA
LS,2002,12,1,NA
LS,2002,12,2,1.21457
LS,2002,12,3,1.25335
LS,2002,12,4,1.24822
LS,2003,1,1,1.18495
LS,2003,1,2,NA
LS,2003,1,3,NA
LS,2003,1,4,1.4809
LS,2003,2,1,NA
LS,2003,2,2,NA
LS,2003,2,3,1.233
LS,2003,2,4,1.14268
LS,2003,3,1,1.26453
LS,2003,3,2,1.1721
LS,2003,3,3,1.3526
LS,2003,3,4,1.06837
LS,2003,4,1,NA
LS,2003,4,2,1.95732
LS,2003,4,3,2.85665
LS,2003,4,4,1.29881
LS,2003,5,1,0.79389
LS,2003,5,2,0.88648
LS,2003,5,3,0.94659
LS,2003,5,4,NA
LS,2003,6,1,0.79116
LS,2003,6,2,0.92614
LS,2003,6,3,1.24243
LS,2003,6,4,0.74462
LS,2003,7,1,1.23469
LS,2003,7,2,1.1398
LS,2003,7,3,NA
LS,2003,7,4,1.2474
LS,2003,8,1,1.08338
LS,2003,8,2,1.05059
LS,2003,8,3,1.19189
LS,2003,8,4,1.80639
LS,2003,9,1,1.63371
LS,2003,9,2,1.61749
LS,2003,9,3,1.38176
LS,2003,9,4,1.44287
LS,2003,10,1,1.27816
LS,2003,10,2,1.21399
LS,2003,10,3,1.07933
LS,2003,10,4,1.08294
LS,2003,11,1,NA
LS,2003,11,2,0.96514
LS,2003,11,3,1.0476
LS,2003,11,4,1.02174
LS,2003,12,1,NA
LS,2003,12,2,NA
LS,2003,12,3,0.63703
LS,2003,12,4,1.27162
LS,2004,1,1,NA
LS,2004,1,2,NA
LS,2004,1,3,NA
LS,2004,1,4,NA
LS,2004,2,1,1.13445
LS,2004,2,2,0.7681
LS,2004,2,3,1.52921
LS,2004,2,4,1.28233
LS,2004,3,1,0.90826
LS,2004,3,2,1.25402
LS,2004,3,3,1.24451
LS,2004,3,4,1.1941
LS,2004,4,1,1.49739
LS,2004,4,2,1.16821
LS,2004,4,3,1.48202
LS,2004,4,4,1.97725
LS,2004,5,1,1.22728
LS,2004,5,2,NA
LS,2004,5,3,0.88713
LS,2004,5,4,0.89314
LS,2004,6,1,NA
LS,2004,6,2,1.10446
LS,2004,6,3,0.95181
LS,2004,6,4,0.97001
LS,2004,7,1,NA
LS,2004,7,2,1.52231
LS,2004,7,3,NA
LS,2004,7,4,0.85838
LS,2004,8,1,1.024
LS,2004,8,2,0.9935
LS,2004,8,3,1.21696
LS,2004,8,4,1.31098
LS,2004,9,1,1.11637
LS,2004,9,2,1.32981
LS,2004,9,3,1.11586
LS,2004,9,4,1.16203
LS,2004,10,1,1.23863
LS,2004,10,2,0.857
LS,2004,10,3,1.52004
LS,2004,10,4,1.25278
LS,2004,11,1,1.1082
LS,2004,11,2,NA
LS,2004,11,3,1.02824
LS,2004,11,4,1.07054
LS,2004,12,1,NA
LS,2004,12,2,NA
LS,2004,12,3,1.31111
LS,2004,12,4,1.3415
LS,2005,1,1,1.32565
LS,2005,1,2,NA
LS,2005,1,3,NA
LS,2005,1,4,1.69025
LS,2005,2,1,1.50493
LS,2005,2,2,1.5226
LS,2005,2,3,1.44522
LS,2005,2,4,1.56009
LS,2005,3,1,1.31456
LS,2005,3,2,1.54914
LS,2005,3,3,1.27058
LS,2005,3,4,1.48585
LS,2005,4,1,1.16941
LS,2005,4,2,1.51429
LS,2005,4,3,1.67067
LS,2005,4,4,1.27888
LS,2005,5,1,0.95008
LS,2005,5,2,1.57385
LS,2005,5,3,NA
LS,2005,5,4,NA
LS,2005,6,1,1.14629
LS,2005,6,2,NA
LS,2005,6,3,1.07495
LS,2005,6,4,0.80374
LS,2005,7,1,1.35953
LS,2005,7,2,0.75646
LS,2005,7,3,0.72282
LS,2005,7,4,1.02043
LS,2005,8,1,1.24166
LS,2005,8,2,0.91055
LS,2005,8,3,1.00488
LS,2005,8,4,1.24794
LS,2005,9,1,1.05835
LS,2005,9,2,1.29669
LS,2005,9,3,1.17767
LS,2005,9,4,1.58001
LS,2005,10,1,1.33944
LS,2005,10,2,1.00677
LS,2005,10,3,1.09807
LS,2005,10,4,1.2007
LS,2005,11,1,1.19428
LS,2005,11,2,0.96618
LS,2005,11,3,1.22579
LS,2005,11,4,0.82267
LS,2005,12,1,NA
LS,2005,12,2,NA
LS,2005,12,3,NA
LS,2005,12,4,1.36284
LS,2006,1,1,NA
LS,2006,1,2,1.11861
LS,2006,1,3,1.58044
LS,2006,1,4,1.42344
LS,2006,2,1,1.9024
LS,2006,2,2,1.07109
LS,2006,2,3,1.24501
LS,2006,2,4,NA
LS,2006,3,1,1.23144
LS,2006,3,2,1.20677
LS,2006,3,3,1.10385
LS,2006,3,4,1.74026
LS,2006,4,1,2.53553
LS,2006,4,2,2.20856
LS,2006,4,3,2.34975
LS,2006,4,4,1.05842
LS,2006,5,1,0.7039
LS,2006,5,2,1.45224
LS,2006,5,3,0.92119
LS,2006,5,4,1.00664
LS,2006,6,1,NA
LS,2006,6,2,0.98801
LS,2006,6,3,1.08022
LS,2006,6,4,NA
LS,2006,7,1,1.03422
LS,2006,7,2,0.74123000000000006
LS,2006,7,3,NA
LS,2006,7,4,1.33837
LS,2006,8,1,1.06205
LS,2006,8,2,1.38296
LS,2006,8,3,1.50706
LS,2006,8,4,1.42715
LS,2006,9,1,1.71151
LS,2006,9,2,2.92616
LS,2006,9,3,1.48835
LS,2006,9,4,1.48018
LS,2006,10,1,1.53051
LS,2006,10,2,1.36922
LS,2006,10,3,0.80911
LS,2006,10,4,1.37001
LS,2006,11,1,0.81028
LS,2006,11,2,1.12369
LS,2006,11,3,NA
LS,2006,11,4,NA
LS,2006,12,1,NA
LS,2006,12,2,1.16347
LS,2006,12,3,1.10967
LS,2006,12,4,NA
LS,2007,1,1,1.34857
LS,2007,1,2,NA
LS,2007,1,3,NA
LS,2007,1,4,NA
LS,2007,2,1,NA
LS,2007,2,2,NA
LS,2007,2,3,1.2837
LS,2007,2,4,1.34008
LS,2007,3,1,1.22243
LS,2007,3,2,1.11207
LS,2007,3,3,1.374
LS,2007,3,4,1.29333
LS,2007,4,1,1.80364
LS,2007,4,2,1.88018
LS,2007,4,3,1.59141
LS,2007,4,4,1.15485
LS,2007,5,1,0.75685
LS,2007,5,2,0.84605
LS,2007,5,3,1.03872
LS,2007,5,4,1.16405
LS,2007,6,1,1.13185
LS,2007,6,2,1.05413
LS,2007,6,3,0.83221
LS,2007,6,4,0.81271
LS,2007,7,1,1.16188
LS,2007,7,2,NA
LS,2007,7,3,0.73166
LS,2007,7,4,1.04474
LS,2007,8,1,1.07742
LS,2007,8,2,1.11446
LS,2007,8,3,1.25235
LS,2007,8,4,1.2191
LS,2007,9,1,1.65849
LS,2007,9,2,1.2687
LS,2007,9,3,1.14293
LS,2007,9,4,0.97002
LS,2007,10,1,1.03128
LS,2007,10,2,1.10583
LS,2007,10,3,1.13054
LS,2007,10,4,1.04953
LS,2007,11,1,1.21228
LS,2007,11,2,1.25971
LS,2007,11,3,1.21659
LS,2007,11,4,1.42931
LS,2007,12,1,NA
LS,2007,12,2,NA
LS,2007,12,3,1.26892
LS,2007,12,4,1.27619
LS,2008,1,1,0.8118
LS,2008,1,2,1.19341
LS,2008,1,3,NA
LS,2008,1,4,1.32862
LS,2008,2,1,1.06143
LS,2008,2,2,NA
LS,2008,2,3,1.15051
LS,2008,2,4,1.17907
LS,2008,3,1,1.30551
LS,2008,3,2,1.58975
LS,2008,3,3,1.52638
LS,2008,3,4,1.33534
LS,2008,4,1,1.38356
LS,2008,4,2,1.15626
LS,2008,4,3,1.26407
LS,2008,4,4,3.74432
LS,2008,5,1,1.68789
LS,2008,5,2,0.99062
LS,2008,5,3,0.89856
LS,2008,5,4,1.08663
LS,2008,6,1,0.98576
LS,2008,6,2,1.253
LS,2008,6,3,0.93098
LS,2008,6,4,1.03746
LS,2008,7,1,0.79603
LS,2008,7,2,1.26091
LS,2008,7,3,1.09647
LS,2008,7,4,0.8356
LS,2008,8,1,NA
LS,2008,8,2,NA
LS,2008,8,3,0.92634
LS,2008,8,4,0.96683
LS,2008,9,1,0.78668
LS,2008,9,2,0.74839
LS,2008,9,3,0.84337
LS,2008,9,4,0.91066
LS,2008,10,1,1.1609
LS,2008,10,2,1.42775
LS,2008,10,3,1.20383
LS,2008,10,4,1.33427
LS,2008,11,1,1.06332
LS,2008,11,2,NA
LS,2008,11,3,1.09531
LS,2008,11,4,0.92909
LS,2008,12,1,0.91909
LS,2008,12,2,NA
LS,2008,12,3,NA
LS,2008,12,4,1.30902
LS,2009,1,1,NA
LS,2009,1,2,NA
LS,2009,1,3,NA
LS,2009,1,4,2.08019
LS,2009,2,1,0.98886
LS,2009,2,2,NA
LS,2009,2,3,1.10815
LS,2009,2,4,1.26676
LS,2009,3,1,1.20994
LS,2009,3,2,1.43362
LS,2009,3,3,1.44372
LS,2009,3,4,1.74683
LS,2009,4,1,1.49604
LS,2009,4,2,2.03244
LS,2009,4,3,1.32713
LS,2009,4,4,1.08125
LS,2009,5,1,NA
LS,2009,5,2,NA
LS,2009,5,3,0.90247
LS,2009,5,4,1.48287
LS,2009,6,1,0.97682
LS,2009,6,2,0.53442
LS,2009,6,3,1.45147
LS,2009,6,4,NA
LS,2009,7,1,1.03452
LS,2009,7,2,1.33684
LS,2009,7,3,1.16812
LS,2009,7,4,NA
LS,2009,8,1,1.68675
LS,2009,8,2,1.16059
LS,2009,8,3,1.03121
LS,2009,8,4,1.75899
LS,2009,9,1,1.8854
LS,2009,9,2,1.6264
LS,2009,9,3,1.43941
LS,2009,9,4,1.61908
LS,2009,10,1,1.28922
LS,2009,10,2,1.30506
LS,2009,10,3,1.21788
LS,2009,10,4,1.24632
LS,2009,11,1,1.32479
LS,2009,11,2,1.46765
LS,2009,11,3,1.47258
LS,2009,11,4,NA
LS,2009,12,1,1.2675
LS,2009,12,2,NA
LS,2009,12,3,NA
LS,2009,12,4,1.7125
LS,2010,1,1,1.82861
LS,2010,1,2,NA
LS,2010,1,3,1.53381
LS,2010,1,4,1.48459
LS,2010,2,1,1.37005
LS,2010,2,2,NA
LS,2010,2,3,1.67901
LS,2010,2,4,0.87152
LS,2010,3,1,2.37759
LS,2010,3,2,1.66924
LS,2010,3,3,1.88256
LS,2010,3,4,2.29053
LS,2010,4,1,3.93185
LS,2010,4,2,1.3941
LS,2010,4,3,2.13051
LS,2010,4,4,1.36388
LS,2010,5,1,1.09225
LS,2010,5,2,1.0985
LS,2010,5,3,1.43513
LS,2010,5,4,1.10867
LS,2010,6,1,0.88664
LS,2010,6,2,0.94417
LS,2010,6,3,NA
LS,2010,6,4,0.83135
LS,2010,7,1,1.03733
LS,2010,7,2,NA
LS,2010,7,3,1.11498
LS,2010,7,4,1.45187
LS,2010,8,1,1.3053
LS,2010,8,2,1.28915
LS,2010,8,3,1.18786
LS,2010,8,4,1.21648
LS,2010,9,1,1.46294
LS,2010,9,2,2.07815
LS,2010,9,3,1.92156
LS,2010,9,4,NA
LS,2010,10,1,1.21797
LS,2010,10,2,1.3282
LS,2010,10,3,1.00836
LS,2010,10,4,NA
LS,2010,11,1,1.19516
LS,2010,11,2,1.42187
LS,2010,11,3,NA
LS,2010,11,4,1.44573
LS,2010,12,1,2.12326
LS,2010,12,2,NA
LS,2010,12,3,1.7519
LS,2010,12,4,1.0431
LS,2011,1,1,NA
LS,2011,1,2,NA
LS,2011,1,3,NA
LS,2011,1,4,1.85464
LS,2011,2,1,1.65428
LS,2011,2,2,NA
LS,2011,2,3,1.44935
LS,2011,2,4,1.50178
LS,2011,3,1,1.53421
LS,2011,3,2,1.42449
LS,2011,3,3,1.52129
LS,2011,3,4,1.42512
LS,2011,4,1,1.48192
LS,2011,4,2,1.38703
LS,2011,4,3,1.54231
LS,2011,4,4,1.0934
LS,2011,5,1,1.03894
LS,2011,5,2,0.91869
LS,2011,5,3,NA
LS,2011,5,4,1.24615
LS,2011,6,1,1.18372
LS,2011,6,2,0.83773
LS,2011,6,3,1.13768
LS,2011,6,4,NA
LS,2011,7,1,1.01687
LS,2011,7,2,0.99635
LS,2011,7,3,0.95736
LS,2011,7,4,1.35217
LS,2011,8,1,0.74126
LS,2011,8,2,0.86313
LS,2011,8,3,1.16176
LS,2011,8,4,1.00125
LS,2011,9,1,1.38156
LS,2011,9,2,1.20115
LS,2011,9,3,1.0872
LS,2011,9,4,1.39553
LS,2011,10,1,1.33905
LS,2011,10,2,1.31851
LS,2011,10,3,0.86789
LS,2011,10,4,1.33122
LS,2011,11,1,1.36446
LS,2011,11,2,1.24182
LS,2011,11,3,1.23362
LS,2011,11,4,NA
LS,2011,12,1,0.92881
LS,2011,12,2,1.23257
LS,2011,12,3,0.98482
LS,2011,12,4,1.72984
LS,2012,1,1,1.16796
LS,2012,1,2,1.01768
LS,2012,1,3,NA
LS,2012,1,4,NA
LS,2012,2,1,1.24232
LS,2012,2,2,1.23514
LS,2012,2,3,1.20645
LS,2012,2,4,NA
LS,2012,3,1,1.09772
LS,2012,3,2,1.0406
LS,2012,3,3,1.06304
LS,2012,3,4,NA
LS,2012,4,1,1.10891
LS,2012,4,2,1.34589
LS,2012,4,3,0.81993
LS,2012,4,4,1.04295
LS,2012,5,1,1.45719
LS,2012,5,2,1.37033
LS,2012,5,3,1.02934
LS,2012,5,4,1.51112
LS,2012,6,1,0.91715
LS,2012,6,2,1.10755
LS,2012,6,3,1.08531
LS,2012,6,4,0.83461
LS,2012,7,1,1.18855
LS,2012,7,2,1.27059
LS,2012,7,3,1.00633
LS,2012,7,4,0.89722
LS,2012,8,1,1.85264
LS,2012,8,2,2.64712
LS,2012,8,3,1.5399
LS,2012,8,4,2.46416
LS,2012,9,1,1.89812
LS,2012,9,2,3.11417
LS,2012,9,3,5.02867
LS,2012,9,4,1.16408
LS,2012,10,1,0.94892
LS,2012,10,2,NA
LS,2012,10,3,1.67322
LS,2012,10,4,1.31111
LS,2012,11,1,NA
LS,2012,11,2,0.909
LS,2012,11,3,1.44128
LS,2012,11,4,0.98747
LS,2012,12,1,0.90141
LS,2012,12,2,NA
LS,2012,12,3,NA
LS,2012,12,4,NA
LS,2013,1,1,NA
LS,2013,1,2,1.38088
LS,2013,1,3,1.35331
LS,2013,1,4,0.74842
LS,2013,2,1,NA
LS,2013,2,2,1.3696
LS,2013,2,3,1.24421
LS,2013,2,4,1.36086
LS,2013,3,1,NA
LS,2013,3,2,1.24346
LS,2013,3,3,1.19979
LS,2013,3,4,1.40634
LS,2013,4,1,1.47154
LS,2013,4,2,1.50406
LS,2013,4,3,1.39422
LS,2013,4,4,1.39132
LS,2013,5,1,1.38156
LS,2013,5,2,1.16867
LS,2013,5,3,1.23635
LS,2013,5,4,1.32452
LS,2013,6,1,1.13125
LS,2013,6,2,1.3554
LS,2013,6,3,1.48386
LS,2013,6,4,1.50485
LS,2013,7,1,1.36595
LS,2013,7,2,NA
LS,2013,7,3,1.23665
LS,2013,7,4,1.49718
LS,2013,8,1,1.48965
LS,2013,8,2,1.7117
LS,2013,8,3,1.65105
LS,2013,8,4,1.34645
LS,2013,9,1,1.17987
LS,2013,9,2,1.29043
LS,2013,9,3,1.29201
LS,2013,9,4,1.03896
LS,2013,10,1,1.20924
LS,2013,10,2,1.5646
LS,2013,10,3,1.26473
LS,2013,10,4,1.40676
LS,2013,11,1,1.37728
LS,2013,11,2,NA
LS,2013,11,3,1.08875
LS,2013,11,4,NA
LS,2013,12,1,NA
LS,2013,12,2,NA
LS,2013,12,3,NA
LS,2013,12,4,NA
LS,2014,1,1,1.38992
LS,2014,1,2,1.28441
LS,2014,1,3,NA
LS,2014,1,4,NA
LS,2014,2,1,1.40076
LS,2014,2,2,1.17965
LS,2014,2,3,1.54572
LS,2014,2,4,NA
LS,2014,3,1,1.30191
LS,2014,3,2,1.31616
LS,2014,3,3,1.39475
LS,2014,3,4,1.5704
LS,2014,4,1,1.50213
LS,2014,4,2,1.26674
LS,2014,4,3,1.65027
LS,2014,4,4,2.47931
LS,2014,5,1,0.97089
LS,2014,5,2,0.84557
LS,2014,5,3,0.92347
LS,2014,5,4,0.95342
LS,2014,6,1,0.9898
LS,2014,6,2,0.66811
LS,2014,6,3,1.14131
LS,2014,6,4,0.93732
LS,2014,7,1,0.86071
LS,2014,7,2,1.22409
LS,2014,7,3,4.28579
LS,2014,7,4,0.68647
LS,2014,8,1,1.16729
LS,2014,8,2,1.37732
LS,2014,8,3,1.65162
LS,2014,8,4,1.44903
LS,2014,9,1,1.02971
LS,2014,9,2,1.12637
LS,2014,9,3,1.08116
LS,2014,9,4,1.10762
LS,2014,10,1,1.01194
LS,2014,10,2,1.18964
LS,2014,10,3,2.30949
LS,2014,10,4,1.12622
LS,2014,11,1,1.31971
LS,2014,11,2,1.27831
LS,2014,11,3,NA
LS,2014,11,4,NA
LS,2014,12,1,NA
LS,2014,12,2,1.29921
LS,2014,12,3,1.50936
LS,2014,12,4,0.962
LS,2015,1,1,NA
LS,2015,1,2,NA
LS,2015,1,3,NA
LS,2015,1,4,1.95998
LS,2015,2,1,NA
LS,2015,2,2,1.56186
LS,2015,2,3,NA
LS,2015,2,4,1.41896
LS,2015,3,1,1.40796
LS,2015,3,2,1.12991
LS,2015,3,3,NA
LS,2015,3,4,1.25649
LS,2015,4,1,1.08911
LS,2015,4,2,1.17335
LS,2015,4,3,1.70107
LS,2015,4,4,1.13682
LS,2015,5,1,1.46503
LS,2015,5,2,1.27907
LS,2015,5,3,1.08696
LS,2015,5,4,1.33561
LS,2015,6,1,0.87686
LS,2015,6,2,1.17371
LS,2015,6,3,0.8795
LS,2015,6,4,1.07389
LS,2015,7,1,1.97363
LS,2015,7,2,2.0627
LS,2015,7,3,1.30689
LS,2015,7,4,1.04372
LS,2015,8,1,1.14917
LS,2015,8,2,1.07077
LS,2015,8,3,1.18314
LS,2015,8,4,0.87236
LS,2015,9,1,1.43946
LS,2015,9,2,1.00707
LS,2015,9,3,1.83235
LS,2015,9,4,1.38237
LS,2015,10,1,1.29122
LS,2015,10,2,1.53535
LS,2015,10,3,1.31725
LS,2015,10,4,1.44704
LS,2015,11,1,1.3751
LS,2015,11,2,1.15006
LS,2015,11,3,NA
LS,2015,11,4,1.34588
LS,2015,12,1,0.82089
LS,2015,12,2,1.37028
LS,2015,12,3,NA
LS,2015,12,4,1.36424
LS,2016,1,1,1.37837
LS,2016,1,2,NA
LS,2016,1,3,NA
LS,2016,1,4,NA
LS,2016,2,1,1.48982
LS,2016,2,2,1.40032
LS,2016,2,3,1.59666
LS,2016,2,4,1.59154
LS,2016,3,1,1.46466
LS,2016,3,2,1.67514
LS,2016,3,3,1.40485
LS,2016,3,4,1.62271
LS,2016,4,1,1.26125
LS,2016,4,2,1.41005
LS,2016,4,3,1.54465
LS,2016,4,4,1.33581
LS,2016,5,1,NA
LS,2016,5,2,1.50443
LS,2016,5,3,1.54253
LS,2016,5,4,1.61973
LS,2016,6,1,1.77358
LS,2016,6,2,1.96756
LS,2016,6,3,1.14049
LS,2016,6,4,1.28305
LS,2016,7,1,1.24609
LS,2016,7,2,1.66623
LS,2016,7,3,1.38666
LS,2016,7,4,1.06945
LS,2016,8,1,1.32182
LS,2016,8,2,1.99363
LS,2016,8,3,1.41212
LS,2016,8,4,1.65226
LS,2016,9,1,2.10229
LS,2016,9,2,1.35502
LS,2016,9,3,1.49785
LS,2016,9,4,1.33506
LS,2016,10,1,1.12609
LS,2016,10,2,1.50345
LS,2016,10,3,1.22283
LS,2016,10,4,1.06165
LS,2016,11,1,1.58871
LS,2016,11,2,1.34331
LS,2016,11,3,NA
LS,2016,11,4,NA
LS,2016,12,1,NA
LS,2016,12,2,NA
LS,2016,12,3,1.17055
LS,2016,12,4,NA
LS,2017,1,1,2.75319
LS,2017,1,2,1.60631
LS,2017,1,3,1.61925
LS,2017,1,4,1.33521
LS,2017,2,1,1.08377
LS,2017,2,2,NA
LS,2017,2,3,1.44554
LS,2017,2,4,1.40808
LS,2017,3,1,2.07446
LS,2017,3,2,1.0281
LS,2017,3,3,1.5425
LS,2017,3,4,1.52381
LS,2017,4,1,1.80666
LS,2017,4,2,1.70483
LS,2017,4,3,2.17395
LS,2017,4,4,6.17845
LS,2017,5,1,1.32394
LS,2017,5,2,0.93006
LS,2017,5,3,1.03493
LS,2017,5,4,0.84133
LS,2017,6,1,1.03888
LS,2017,6,2,0.94702
LS,2017,6,3,NA
LS,2017,6,4,1.27563
LS,2017,7,1,1.1133
LS,2017,7,2,1.09254
LS,2017,7,3,1.18323
LS,2017,7,4,1.52332
LS,2017,8,1,4.21428
LS,2017,8,2,1.15542
LS,2017,8,3,3.3403
LS,2017,8,4,1.90678
LS,2017,9,1,2.18025
LS,2017,9,2,1.52751
LS,2017,9,3,NA
LS,2017,9,4,1.42707
LS,2017,10,1,2.29089
LS,2017,10,2,1.97583
LS,2017,10,3,1.31011
LS,2017,10,4,1.14439
LS,2017,11,1,1.40053
LS,2017,11,2,1.14372
LS,2017,11,3,1.54549
LS,2017,11,4,0.73947
LS,2017,12,1,NA
LS,2017,12,2,NA
LS,2017,12,3,NA
LS,2017,12,4,NA
LS,2018,1,1,NA
LS,2018,1,2,1.28173
LS,2018,1,3,1.50955
LS,2018,1,4,2.17392
LS,2018,2,1,NA
LS,2018,2,2,1.08935
LS,2018,2,3,1.50764
LS,2018,2,4,1.36401
LS,2018,3,1,1.78069
LS,2018,3,2,1.24667
LS,2018,3,3,1.47769
LS,2018,3,4,1.43029
LS,2018,4,1,1.70673
LS,2018,4,2,1.44161
LS,2018,4,3,1.38599
LS,2018,4,4,1.46797
LS,2018,5,1,1.8439
LS,2018,5,2,1.37964
LS,2018,5,3,1.24911
LS,2018,5,4,1.35988
LS,2018,6,1,1.04004
LS,2018,6,2,1.30963
LS,2018,6,3,1.24704
LS,2018,6,4,1.33754
LS,2018,7,1,1.17062
LS,2018,7,2,1.06111
LS,2018,7,3,1.25201
LS,2018,7,4,NA
LS,2018,8,1,0.64456
LS,2018,8,2,1.15647
LS,2018,8,3,1.77422
LS,2018,8,4,0.9737
LS,2018,9,1,1.11021
LS,2018,9,2,1.0372
LS,2018,9,3,2.08534
LS,2018,9,4,1.71283
LS,2018,10,1,1.26206
LS,2018,10,2,0.73635
LS,2018,10,3,1.20568
LS,2018,10,4,NA
LS,2018,11,1,1.3994
LS,2018,11,2,1.25893
LS,2018,11,3,1.18951
LS,2018,11,4,2.17799
LS,2018,12,1,NA
LS,2018,12,2,1.18541
LS,2018,12,3,1.32223
LS,2018,12,4,1.25552
LS,2019,1,1,0.85803
LS,2019,1,2,1.19628
LS,2019,1,3,2.05722
LS,2019,1,4,2.08027
LS,2019,2,1,1.93743
LS,2019,2,2,1.51736
LS,2019,2,3,1.96399
LS,2019,2,4,NA
LS,2019,3,1,1.17445
LS,2019,3,2,1.33108
LS,2019,3,3,1.16917
LS,2019,3,4,1.4704
LS,2019,4,1,1.48459
LS,2019,4,2,2.39265
LS,2019,4,3,1.28269
LS,2019,4,4,1.18223
LS,2019,5,1,1.28807
LS,2019,5,2,1.27396
LS,2019,5,3,1.22113
LS,2019,5,4,NA
LS,2019,6,1,1.08024
LS,2019,6,2,0.95125
LS,2019,6,3,1.03511
LS,2019,6,4,1.56932
LS,2019,7,1,1.2065
LS,2019,7,2,3.98172
LS,2019,7,3,NA
LS,2019,7,4,1.28882
LS,2019,8,1,1.39872
LS,2019,8,2,1.13637
LS,2019,8,3,0.76515
LS,2019,8,4,0.99902
LS,2019,9,1,1.30743
LS,2019,9,2,1.45113
LS,2019,9,3,1.66504
LS,2019,9,4,1.58829
LS,2019,10,1,1.42102
LS,2019,10,2,0.88333
LS,2019,10,3,1.27485
LS,2019,10,4,1.38644
LS,2019,11,1,1.43234
LS,2019,11,2,1.10158
LS,2019,11,3,NA
LS,2019,11,4,1.01059
