area,latitude,longitude,date,season,Calanus_finmarchicus_abundance,zooplankton_meso_dry_weight
5Ze,42.08,-66.19,2000-02-16,Winter,NA,0.68271637816245
5Ze,42.18,-66.86,2000-02-17,Winter,NA,2.4782046307075407
5Ze,41.25,-67.23,2000-02-17,Winter,NA,3.0767777176320057
5Ze,41.57,-66.8,2000-02-18,Winter,NA,2.542065947332679
5Ze,41.89,-66.34,2000-02-18,Winter,NA,1.1159826055876574
5Ze,41.62,-66,2000-02-19,Winter,NA,0.8638009912314144
5Ze,41.37,-66.12,2000-02-20,Winter,NA,1.307006893713345
5Ze,40.82,-66.93,2000-02-20,Winter,NA,1.7887102098561658
5Ze,40.9,-67.54,2000-02-21,Winter,NA,2.3627962716378166
5Ze,40.660000000000004,-68.06,2000-02-21,Winter,NA,0.983763761703879
5Ze,40.87,-68.61,2000-02-22,Winter,NA,16.683089214380825
5Ze,41.19,-67.96000000000001,2000-02-22,Winter,NA,5.986568740882338
5Ze,41.7,-68.36,2000-02-22,Winter,NA,1.2780751396546057
5Ze,42.02,-67.66,2000-02-24,Winter,NA,1.6909147031587612
5Ze,41.97,-66.08,2001-02-14,Winter,7200.344926703075,1.2988430583501005
5Ze,42.160000000000004,-66.79,2001-02-16,Winter,3966.7410997948546,1.2884578726648876
5Ze,41.87,-66.38,2001-02-17,Winter,4731.631157975644,1.0598123603871927
5Ze,41.62,-66.08,2001-02-17,Winter,4781.815895372234,0.6985412474849096
5Ze,41.51,-67.49,2001-02-20,Winter,2592.8013527659227,0.8280090542269462
5Ze,40.93,-66.89,2001-02-20,Winter,8714.763245861079,7.063259021398678
5Ze,40.56,-67.46000000000001,2001-02-20,Winter,6960.613116026387,3.3922519725779328
5Ze,40.84,-67.82000000000001,2001-02-21,Winter,2345.932233122377,1.1576146652812827
5Ze,41.1,-68.96000000000001,2001-02-22,Winter,148491.87935034803,1.978835380001132
5Ze,41.6,-68.31,2001-02-23,Winter,1929.0487454734891,0.9742877214893452
5Ze,41.99,-67.79,2001-02-23,Winter,14240.07490444025,1.9104747892026488
5Ze,42.12,-66.28,2002-02-20,Winter,10606.582172847233,1.4274260679079955
5Ze,42.02,-66.5,2002-02-20,Winter,5130.799889927476,0.28068493515485604
5Ze,42.08,-66.83,2002-02-20,Winter,2240.9456740442656,0.2657444668008048
5Ze,41.730000000000004,-66.45,2002-02-22,Winter,20712.171339021417,1.1137036392129551
5Ze,41.67,-66.02,2002-02-22,Winter,4612.127283134724,0.5849196024353437
5Ze,41.43,-66.17,2002-02-23,Winter,2014.600192405636,0.28747665666911887
5Ze,41.36,-67.3,2002-02-24,Winter,31237.87349631354,0.4626827059888759
5Ze,40.87,-66.85,2002-02-24,Winter,59759.36815687818,1.6700932509903303
5Ze,40.89,-68.04,2002-02-25,Winter,22182.85601810845,0.49254994587146933
5Ze,40.43,-68.22,2002-02-25,Winter,15090.792142892482,0.6478477066943744
5Ze,41.02,-69.04,2002-02-26,Winter,2091.132952575278,0.9959829114327614
5Ze,41.31,-69.32000000000001,2002-02-26,Winter,25955.649626167302,2.8249404709409998
5Ze,41.08,-68.53,2002-02-27,Winter,26619.718309859152,3.9762072434607645
5Ze,41.92,-66.37,2003-02-18,Winter,1788.2521489971346,0.5659025787965616
5Ze,42.17,-66.89,2003-02-19,Winter,11457.230495610414,0.5699710988500173
5Ze,42.1,-67.49,2003-02-19,Winter,26409.017713365534,2.306186335403727
5Ze,41.64,-67.44,2003-02-20,Winter,12902.664112833014,3.3456381682047707
5Ze,41.37,-66.91,2003-02-20,Winter,19661.146334739922,0.8343698975805256
5Ze,41.62,-66.37,2003-02-21,Winter,2106.128193330758,0.3857167109954162
5Ze,41.5,-66.1,2003-02-22,Winter,5382.321389158364,0.33863352889545895
5Ze,41.04,-66.6,2003-02-23,Winter,11136.948245704289,0.8646980141989915
5Ze,40.800000000000004,-67.57000000000001,2003-02-23,Winter,96428.89054355919,1.9874311243484732
5Ze,41.14,-68.25,2003-02-25,Winter,4275.702804358016,1.7547484309085295
5Ze,41.68,-68.29,2003-02-26,Winter,4300.991335570993,1.120974162828819
5Ze,42.13,-66.35,2004-02-07,Winter,47762.43875560321,3.112028473990678
5Ze,41.83,-66.5,2004-02-08,Winter,8715.046604527297,1.0376564580559255
5Ze,41.31,-66.28,2004-02-11,Winter,19806.67013196063,2.661111017958047
5Ze,40.800000000000004,-67.22,2004-02-12,Winter,66550.30408814465,2.112858974009327
5Ze,41.480000000000004,-67.16,2004-02-12,Winter,11217.8681020172,1.0969867699582474
5Ze,42.07,-67.56,2004-02-13,Winter,35312.49292618331,0.6931208547434187
5Ze,41.58,-68.84,2004-02-14,Winter,28521.473063053214,5.881308834319435
5Ze,41.160000000000004,-68.67,2004-02-14,Winter,14577.631443564153,2.0214013787426692
5Ze,40.45,-67.87,2004-02-15,Winter,5281.792326890708,0.37893087236635914
5Ze,41.050000000000004,-68.27,2004-02-15,Winter,7296.962986064146,0.11046643235837256
5Ze,42.06,-66.01,2005-02-19,Winter,1193.5394282922716,0.605289116272222
5Ze,41.86,-66.52,2005-02-23,Winter,2242.0616712623682,0.24220733535223762
5Ze,41.68,-65.87,2005-02-23,Winter,1448.7087148883631,0.18380491820146108
5Ze,41.38,-66.15,2005-02-23,Winter,5659.031075461949,0.3762123858967104
5Ze,41.68,-66.98,2005-02-24,Winter,3958.1825026787515,2.29083046151767
5Ze,41.14,-66.7,2005-02-25,Winter,12288.154278070933,0.6519189216997633
5Ze,40.57,-67.16,2005-02-26,Winter,1403.4346421996195,0.09778770410165093
5Ze,40.84,-67.66,2005-02-26,Winter,113180.21308061449,4.529924848338515
5Ze,40.410000000000004,-68.68,2005-02-26,Winter,93715.1868148638,2.8435994607930413
5Ze,41,-68.93,2005-02-27,Winter,3415.9846129785465,0.817613859294359
5Ze,41.230000000000004,-68.14,2005-02-28,Winter,5923.410677230711,0.6795698924731183
5Ze,41.96,-67.62,2005-03-01,Winter,6564.6035622803365,1.0910823851790077
5Ze,41.95,-65.91,2006-02-20,Winter,1975.5244755244755,0.377119391025641
5Ze,42.160000000000004,-66.88,2006-02-21,Winter,6428.746227261604,0.8701443837180848
5Ze,41.79,-66.58,2006-02-22,Winter,8284.868535608568,0.6831621103952639
5Ze,41.4,-66.08,2006-02-23,Winter,2328.312484043911,0.2838600970130202
5Ze,41.26,-67.11,2006-02-26,Winter,3078.5947120608475,0.3119340818544006
5Ze,41.980000000000004,-67.93,2006-02-28,Winter,26710.696262366677,3.303977310555119
5Ze,42,-65.93,2007-02-21,Winter,720.2444082123692,0.22953160369145048
5Ze,42.12,-66.52,2007-02-21,Winter,10225.647700535224,0.9482583967629666
5Ze,42.17,-67.02,2007-02-22,Winter,2127.8356537824943,0.22500730211274464
5Ze,41.800000000000004,-66.17,2007-02-23,Winter,12299.030704045506,0.6908584363573046
5Ze,41.69,-65.97,2007-02-24,Winter,1448.721757706945,0.4237511141292814
5Ze,41.67,-66.6,2007-02-25,Winter,3672.124550416258,0.5156568324153021
5Ze,41.19,-66.31,2007-02-26,Winter,995.9880746438955,0.45408001766719425
5Ze,41.160000000000004,-67.7,2007-02-28,Winter,14638.110163097104,0.29834581229322654
5Ze,40.75,-67.72,2007-02-28,Winter,28823.92060568856,1.0630141190914673
5Ze,40.64,-68.77,2007-02-28,Winter,769.6349892881684,0.6057480092162173
5Ze,40.15,-69.45,2007-03-01,Winter,30634.755110172868,1.8371798458681994
5Ze,41.27,-68.72,2007-03-01,Winter,1878.7996378217565,0.056590350536799894
5Ze,42.01,-66.03,2008-03-05,Winter,13853.467139515582,1.2852938957217235
5Ze,42.13,-66.81,2008-03-06,Winter,2671.095954844779,0.30196966133584197
5Ze,42.07,-67.72,2008-03-06,Winter,19467.08058465916,2.058530591126633
5Ze,40.49,-68.65,2008-03-07,Winter,3282.2403311343937,1.7398137369033762
5Ze,42.02,-68.93,2008-03-08,Winter,39839.52298575582,4.169568257941036
5Ze,42.26,-66,2008-03-12,Winter,376108.682640161,55.73885404385758
5Ze,41.61,-65.93,2008-03-13,Winter,8828.056620287929,0.6754595116651072
5Ze,41.410000000000004,-66.04,2008-03-14,Winter,4897.61649330659,0.39613074578215074
5Ze,40.59,-67.17,2008-03-14,Winter,2444.6980013986527,0.26122050866796714
5Ze,40.97,-68,2008-03-15,Winter,4391.450831754053,1.4319751526637186
5Ze,41.35,-67.5,2008-03-15,Winter,11046.972269383134,2.0522920203735144
5Ze,41.85,-66.44,2008-03-19,Winter,12314.27044361304,1.5940641997044676
5Ze,41.660000000000004,-66.56,2008-03-19,Winter,6589.831278574933,0.7759903610938697
5Ze,42.06,-66.15,2009-02-13,Winter,3350.165418770677,1.235486679435835
5Ze,42.17,-67.06,2009-02-16,Winter,5432.732211574737,0.48260771146155584
5Ze,41.910000000000004,-67.99,2009-02-16,Winter,1177.0989648243763,0.17113208027062085
5Ze,41.85,-66.67,2009-02-17,Winter,2059.88642230253,0.41107183987927404
5Ze,41.65,-66.03,2009-02-17,Winter,2354.194407456724,0.2775233022636484
5Ze,41.28,-66.32000000000001,2009-02-18,Winter,2224.2806692525905,0.23043941411451396
5Ze,40.75,-68.83,2009-02-19,Winter,2372.293065720969,0.26575115068286426
5Ze,42.02,-66.18,2010-02-27,Winter,3304.9432670269657,0.2969921620780397
5Ze,42.11,-66.92,2010-02-27,Winter,3848.2433900760593,0.9272002897500905
5Ze,42.1,-67.58,2010-02-28,Winter,3169.058364888845,0.5794849581511031
5Ze,41.81,-65.76,2010-03-01,Winter,4074.5299435507827,0.37440402925738864
5Ze,41.08,-67.77,2010-03-03,Winter,37576.890901038336,1.302061906402244
5Ze,40.85,-67.21000000000001,2010-03-03,Winter,24809.711100421606,0.9018420531394132
5Ze,41.71,-66.62,2010-03-06,Winter,5998.6829649751,0.3590155163188871
5Ze,42.14,-66.56,2011-02-24,Winter,7595.836123608397,1.4496477179479925
5Ze,41.87,-66.27,2011-02-27,Winter,4527.208523224579,0.3286753387861045
5Ze,41.7,-65.86,2011-02-28,Winter,3210.2180081232045,1.4061578008402231
5Ze,41.5,-66.43,2011-02-28,Winter,2281.7576564580554,0.3277762982689747
5Ze,41.78,-66.68,2011-03-04,Winter,10941.118309785861,NA
5Ze,42.04,-67.65,2011-03-05,Winter,1708.0124783031415,0.6858801915884783
5Ze,42.03,-66.71000000000001,2011-03-06,Winter,2778.1316452222995,0.3028780855880133
5Ze,42.1772,-65.9458,2012-02-11,Winter,11641.443538998834,0.547794593196223
5Ze,42.2643,-67.0988,2012-02-14,Winter,3398.819852060053,0.7922649075151986
5Ze,40.6938,-67.12830000000001,2012-02-17,Winter,1312.8807763623668,1.579984106725745
5Ze,41.8067,-66.3292,2012-03-02,Winter,11318.070107359978,0.5251584529815031
5Ze,41.6668,-66.69,2012-03-02,Winter,3955.4102943921334,1.1997283633894213
5Ze,41.314800000000005,-66.31880000000001,2012-03-03,Winter,20738.26302814998,3.019626641101435
5Ze,42.03,-66.408,2013-02-27,Winter,1288.5093609444816,0.37711534782885925
5Ze,41.822,-68.14800000000001,2013-03-01,Winter,6338.119260121588,0.5573017720864054
5Ze,42.247,-66.95100000000001,2013-03-04,Winter,3664.8650313361354,0.7248025130503073
5Ze,41.742000000000004,-66.2,2013-03-04,Winter,25125.837676842886,0.8796306775874906
5Ze,41.795,-66.802,2013-03-11,Winter,24333.731955240455,1.9892542923037497
5Ze,40.596000000000004,-68.177,2013-03-13,Winter,716.8053119046272,0.049346386735329074
5Ze,40.066,-69.37,2013-03-14,Winter,3447.6189305621274,0.47037362520305714
5Ze,41.138000000000005,-68.70700000000001,2013-03-14,Winter,26710.01728537328,6.567495267100172
5Ze,41.51,-69.132,2013-03-15,Winter,1603.6466840521248,1.8231106670621477
5Ze,42.077000000000005,-68.88,2013-03-16,Winter,29879.39589294122,3.2536851254934627
5Ze,41.95916,-65.80315999999999,2014-02-21,Winter,6865.564867131971,0.42917801574568115
5Ze,42.2185,-66.527,2014-02-22,Winter,27163.215494842923,1.370836941973073
5Ze,41.751000000000005,-66.67466,2014-02-24,Winter,45609.47776209495,1.157595573440644
5Ze,41.624500000000005,-65.9445,2014-02-26,Winter,17958.042650042054,1.0073103755380732
5Ze,40.74666,-66.82316,2014-02-27,Winter,6011.88689209156,0.56952329678935
5Ze,41.11333,-67.876,2014-02-27,Winter,8089.167467704352,3.780677024385225
5Ze,40.49433,-68.16583,2014-03-01,Winter,18259.705488621148,2.9204965315808686
5Ze,40.870329999999996,-68.729,2014-03-01,Winter,1104.2043031384744,4.486039780317649
5Ze,41.42133,-69.07600000000001,2014-03-01,Winter,4436.651150927755,2.1866352101001088
5Ze,41.54633,-67.20316,2014-03-03,Winter,19518.884999641195,1.7271637816245007
5Ze,41.918,-65.72142,2015-03-21,Winter,2987.2340425531916,1.672851063829787
5Ze,41.3904,-66.15796,2015-03-22,Winter,7245.2830188679245,0.6516226415094339
5Ze,41.34486,-67.25789,2015-03-24,Winter,21875.706214689268,2.257175141242938
5Ze,41.82111,-66.59902,2015-03-25,Winter,4620.20905923345,0.6726480836236935
5Ze,42.247229999999995,-67.19324,2015-03-25,Winter,2172.8395061728393,0.7102469135802469
5Ze,41.935559999999995,-65.75115,2016-02-25,Winter,2308.4210526315787,1.6344526315789476
5Ze,41.80833,-66.47856,2016-02-27,Winter,5110.1910828025475,1.1414267515923566
5Ze,42.23261,-66.97315,2016-03-04,Winter,1009.8132320354542,0.9682716049382716
5Ze,42.07991,-68.39623,2016-03-04,Winter,2821.176236441437,1.9383570504527816
5Ze,41.76495,-69.74835999999999,2016-03-06,Winter,1933.7774294670849,2.7336206896551722
5Ze,41.681979999999996,-68.8135,2016-03-06,Winter,2527.696686804981,1.3314547980704685
5Ze,40.35115,-69.15021,2016-03-08,Winter,13853.205817441005,0.9371286288268916
5Ze,40.54973,-67.76271,2016-03-08,Winter,9879.336349924586,1.664705882352941
5Ze,40.76965,-68.25045,2016-03-08,Winter,14389.140271493212,8.12579185520362
5Ze,41.25476,-67.46395,2016-03-09,Winter,16706.748466257668,2.3611901840490797
5Ze,41.9715,-65.89404,2017-03-21,Winter,3551.219512195122,0.4352961672473868
5Ze,41.34335,-66.3882,2017-03-22,Winter,2959.3810444874275,0.9051595744680853
5Ze,40.84354,-67.28976,2017-03-24,Winter,42801.41843971631,1.4517819148936169
5Ze,41.36916,-67.05863,2017-03-25,Winter,40889.8901717826,3.5542641509433963
5Ze,42.242689999999996,-67.07697,2017-03-26,Winter,13725.206611570247,1.8008677685950416
5Ze,41.767379999999996,-66.59361,2017-03-26,Winter,14375.430324020948,1.6614634146341465
5Ze,42.116949999999996,-66.53996,2017-03-27,Winter,6386.95652173913,0.7157913043478261
5Ze,42.09601,-66.08649,2019-02-21,Winter,12538.810027182119,8.142405919661734
5Ze,41.700289999999995,-65.80032,2019-02-21,Winter,724.3675099866844,6.580426098535286
5Ze,41.30054,-66.19566,2019-02-22,Winter,904.9773755656108,1.9425339366515837
5Ze,41.35406,-67.27857,2019-02-23,Winter,42485.87570621469,2.7439548022598874
5Ze,41.88267,-68.0669,2019-03-01,Winter,6094.827586206897,8.354741379310346
5Ze,41.67711,-69.06255,2019-03-03,Winter,2797.611147976111,3.908262773722628
5Ze,40.545919999999995,-68.86057,2019-03-04,Winter,658.6620926243568,1.267924528301887
5Ze,40.961839999999995,-66.58341,2019-03-06,Winter,6755.555555555556,10.682071428571428
5Ze,41.7137,-66.4978,2019-03-07,Winter,9054.054054054053,10.89927027027027
5Ze,42.086,-65.83695,2020-03-02,Winter,1869.3748810397803,0.923913043478261
5Ze,41.66927,-65.86092,2020-03-02,Winter,2368.6502177068214,0.5338867924528302
5Ze,41.34025,-66.26905,2020-03-03,Winter,9196.60433070866,0.5315354330708661
5Ze,40.76601,-67.11415,2020-03-03,Winter,44333.333333333336,2.480404761904762
5Ze,41.19028,-67.37823,2020-03-03,Winter,4208.14479638009,0.38687782805429866
5Ze,41.848659999999995,-66.56473,2020-03-05,Winter,126.88821752265859,4.5317220543806646e-4
5Ze,42.296839999999996,-67.1474,2020-03-11,Winter,6093.236185440711,0.800720871751886
5Ze,41.82551,-67.95383,2020-03-11,Winter,1766.6083916083917,0.2725096153846154
5Ze,41.87455,-67.95830000000001,2021-03-18,Winter,15334.53237410072,1.1607410071942446
5Ze,42.32936,-67.14153,2021-03-19,Winter,9580.527277473244,2.7981174628034458
5Ze,41.86796,-65.86724,2021-03-21,Winter,2309.055118110236,0.8520866141732283
5Ze,41.89998,-66.70568,2021-03-28,Winter,38490.56603773585,1.541433962264151
5Ze,42.23805,-67.15813,2022-04-03,Winter,29196.04073203731,5.620529801324502
5Ze,41.56693,-66.61026,2022-04-05,Winter,905.1987767584097,0.4869969418960244
5Ze,41.438829999999996,-66.25975,2022-04-05,Winter,7292.381606039807,0.9969414893617021
5Ze,41.76113,-65.87441,2022-04-06,Winter,32731.877176321617,2.9369547325102885
5Ze,42.219,-66.05190999999999,2022-04-07,Winter,20894.864447873042,2.9028538681948426
5Ze,41.90586,-67.03286,2022-04-08,Winter,174.1654571843251,0.0819622641509434
5Ze,41.7611,-65.97661,2023-02-26,Winter,10807.123910572185,2.1975763546798026
5Ze,41.39271,-66.12022999999999,2023-02-26,Winter,13240.418118466898,2.2924390243902444
5Ze,40.90671,-66.98543,2023-03-01,Winter,6971.8800836625605,0.552416918429003
5Ze,41.99305,-67.75206,2023-03-03,Winter,2176.9516728624535,1.4857695167286245
5Ze,42.110079999999996,-67.28032999999999,2023-03-04,Winter,5417.798913043477,1.992390625
5Ze,42.2029,-66.8961,2023-03-05,Winter,20503.393665158368,16.880090497737555
4V,44.61,-59.31,1999-07-24,Summer,452.7296937416778,0.16252996005326234
4V,44.22,-58.18,1999-07-26,Summer,1810.9035455585206,0.7257195958825772
4V,44.82,-57.78,1999-07-27,Summer,90.54593874833554,0.039387483355525964
4V,46.89,-59.99,1999-07-29,Summer,6941.784201056358,9.179453247431654
4V,45.85,-59.910000000000004,1999-07-29,Summer,3078.6082003724123,1.3210851071598084
4V,45.660000000000004,-59.38,1999-07-30,Summer,17203.45162858532,2.067583252309188
4V,45.33,-58.89,1999-07-30,Summer,5704.39414114514,0.7488149134487351
4V,44.31,-59.4,2000-07-20,Summer,27327.994731952822,1.162592161428017
4V,44.69,-58.28,2000-07-21,Summer,940.305190513081,0.5269888201053312
4V,44.4,-57.97,2000-07-21,Summer,1056.3584653781413,0.26303325787915727
4V,45.5,-57.84,2000-07-22,Summer,9107.993478676668,4.9174538979265385
4V,44.92,-58.370000000000005,2000-07-23,Summer,21731.025299600533,2.5764846870838882
4V,45,-58.7,2000-07-23,Summer,39387.001092782426,2.6882760056200237
4V,45.31,-58.79,2000-07-23,Summer,8601.797782297748,1.7276031756446426
4V,46.53,-59.28,2000-07-24,Summer,29879.549923169703,11.463334600069397
4V,46.49,-59.550000000000004,2000-07-24,Summer,9960.071682334077,2.566529380325086
4V,46.38,-59.77,2000-07-25,Summer,19618.3342250758,3.938757871342141
4V,46.34,-59.93,2000-07-25,Summer,23995.141342756182,3.340757508833922
4V,46.26,-59.89,2000-07-25,Summer,8432.371250707412,2.094850028296548
4V,45.730000000000004,-59.39,2000-07-25,Summer,18863.522415325122,4.108022457519844
4V,45.44,-59.230000000000004,2000-07-26,Summer,17462.252182781518,1.7882639735329966
4V,44.34,-59.480000000000004,2000-07-27,Summer,1293.501372606631,5.393771373632392
4V,45.84,-59.74,2001-07-20,Summer,2460.462264079522,3.5154100644262587
4V,46.42,-59.620000000000005,2001-07-20,Summer,18108.814573284108,4.226597321404512
4V,46.550000000000004,-59.82,2001-07-20,Summer,1011.9699848814789,2.0508370667295446
4V,46.42,-60.18,2001-07-21,Summer,1584.5198977729099,2.4474041621029574
4V,46.42,-59.32,2001-07-21,Summer,3405.4270123205433,2.954913056898858
4V,45.76,-57.99,2001-07-22,Summer,3319.957471619165,12.476098364029221
4V,45.34,-59.24,2001-07-24,Summer,3470.886056847077,3.1437173189668832
4V,45.13,-59.03,2001-07-24,Summer,2263.6049659292444,4.016993372538038
4V,44.9,-58.730000000000004,2001-07-24,Summer,679.0829019027768,1.8570653757367936
4V,44.480000000000004,-58.49,2001-07-25,Summer,246.94156312816503,0.4232989961288629
4V,44.230000000000004,-58.33,2001-07-26,Summer,43.1165156465793,0.20508370667295447
4V,44.18,-59.25,2001-07-28,Summer,1728.5748746154434,1.851180221079239
4V,45.15,-59.06,2002-07-23,Summer,7655.041517347968,0.3123750812724252
4V,44.72,-58.4,2002-07-24,Summer,1090.6573876604184,0.05523253638642572
4V,44.37,-57.72,2002-07-25,Summer,1979.3389509682768,0.30422860812329433
4V,44.660000000000004,-57.97,2002-07-25,Summer,535.0255338404189,0.12087461483763925
4V,45.300000000000004,-57.67,2002-07-26,Summer,21471.90328157943,4.618205414541394
4V,45.050000000000004,-58.44,2002-07-26,Summer,3508.613079204111,0.2557892115806868
4V,45.32,-58.75,2002-07-26,Summer,1086.545319234705,0.11635089460138298
4V,46.5,-59.11,2002-07-27,Summer,24232.173826234124,1.0308453807382367
4V,46.52,-59.43,2002-07-28,Summer,28521.473063053214,3.929625177576221
4V,46.42,-60.28,2002-07-28,Summer,7890.350986293873,2.6208253526031693
4V,46.47,-59.77,2002-07-28,Summer,8092.303822937625,1.3115191146881287
4V,45.87,-59.42,2002-07-28,Summer,13252.574031265649,2.882969893608994
4V,45.56,-59.44,2002-07-29,Summer,5470.412151798526,0.8710405224877543
4V,44.36,-59.22,2003-07-16,Summer,27163.255905770875,1.7905112851220635
4V,45.21,-58.94,2003-07-23,Summer,48865.56166375076,2.032735504091938
4V,45.65,-58.870000000000005,2003-07-23,Summer,36579.88363079761,8.172072765093166
4V,45.81,-59.38,2003-07-23,Summer,38254.76769848905,6.084092581065021
4V,46.45,-59.56,2003-07-24,Summer,45272.42682844013,4.62457840052516
4V,46.62,-60.15,2003-07-24,Summer,34708.48542936966,9.915459754878968
4V,46.44,-59.15,2003-07-25,Summer,233325.57232138253,47.64529081630004
4V,45.42,-57.75,2003-07-26,Summer,6467.446023045082,5.203124999999999
4V,44.34,-57.88,2003-07-27,Summer,28068.873385780018,0.3458809559150958
4V,44.62,-58.1,2003-07-27,Summer,1154.422289537632,0.057947471788555645
4V,44.88,-58.28,2003-07-27,Summer,33275.29165941146,0.46675953334494175
4V,44.93,-58.97,2004-07-21,Summer,37878.149785919835,2.0915982312065697
4V,44.730000000000004,-58.33,2004-07-22,Summer,2439.743623101675,0.9616111154476622
4V,45.230000000000004,-59.09,2004-07-22,Summer,30966.239813736902,3.331587116802483
4V,45.45,-59.13,2004-07-23,Summer,27012.67903580042,4.012514652977081
4V,45.83,-59.68,2004-07-23,Summer,30182.085343817635,4.887686900577829
4V,46.58,-60.31,2004-07-24,Summer,44518.07624171642,5.4535397939767725
4V,46.550000000000004,-59.51,2004-07-25,Summer,39538.06074469436,3.212090163934426
4V,46.42,-59.02,2004-07-25,Summer,105878.37696665504,14.720686961224885
4V,45.56,-57.93,2004-07-26,Summer,11606.215391387674,3.577430688830494
4V,44.34,-57.53,2004-07-27,Summer,6667.36464361658,5.181859338390056
4V,44.39,-58.18,2004-07-27,Summer,150.91317872432168,0.19648895869906682
4V,44.300000000000004,-59.32,2004-07-28,Summer,36012.08977299522,3.112020749823155
4V,45.77,-59.76,2005-07-15,Summer,7243.665257662902,2.1337121474603284
4V,45.65,-59.45,2005-07-15,Summer,9356.229556943204,2.1526873327386262
4V,46.51,-59.78,2005-07-15,Summer,3972.309622132482,1.006410930110352
4V,46.54,-60.19,2005-07-16,Summer,10503.274581337084,2.667469561777504
4V,46.56,-60.32,2005-07-16,Summer,7526.620931790359,2.802392996558335
4V,46.58,-59.28,2005-07-17,Summer,10477.29918509895,7.646035441728107
4V,45.49,-57.800000000000004,2005-07-18,Summer,39653.753219510894,6.37668675818486
4V,44.410000000000004,-57.910000000000004,2005-07-19,Summer,1003.8686037444452,0.07741598467699809
4V,44.54,-58.36,2005-07-20,Summer,430.0901410728,0.11906706010752253
4V,44.77,-58.730000000000004,2005-07-20,Summer,8997.902819542614,1.726239167341685
4V,45.19,-59.08,2005-07-20,Summer,15063.397337470122,4.601950200243774
4V,45.28,-59.550000000000004,2006-07-22,Summer,44140.8044091595,3.0423200577389933
4V,45.87,-59.43,2006-07-23,Summer,9205.583714712202,1.7570591998425271
4V,46.45,-59.31,2006-07-23,Summer,42857.57401985935,5.951468324631032
4V,46.46,-59.58,2006-07-23,Summer,5844.319166287698,1.35456501690747
4V,46.5,-59.96,2006-07-24,Summer,63684.65531812145,3.8953277797899313
4V,46.2,-58.52,2006-07-25,Summer,51610.19107250407,18.959501683556123
4V,45.42,-59,2006-07-25,Summer,10271.931876067238,2.9187237895539457
4V,45.27,-58.81,2006-07-26,Summer,19179.171165279262,2.2749542621476637
4V,44.89,-58.35,2006-07-26,Summer,4045.245455061357,2.0983721004030085
4V,44.65,-58.22,2006-07-26,Summer,1856.8772536057693,2.3971754807692305
4V,44.85,-57.32,2006-07-27,Summer,19919.841280409048,3.9586157308158354
4V,44.36,-57.96,2006-07-27,Summer,3794.233085748067,0.25578736115000467
4V,44.19,-59.36,2006-07-28,Summer,10046.093057213673,0.7632874909521615
4V,44.25,-59.33,2007-07-23,Summer,19769.010374957732,1.1236645133735519
4V,44.9,-58.74,2007-07-25,Summer,20503.785091226113,1.6180340563862106
4V,44.6,-58.51,2007-07-25,Summer,1983.3872297254452,0.17792276964047937
4V,44.26,-58.120000000000005,2007-07-26,Summer,1574.6931070761786,0.07153043438893543
4V,45.24,-57.620000000000005,2007-07-27,Summer,7967.918174577668,4.584722008747049
4V,46.39,-58.82,2007-07-28,Summer,15450.05838935068,17.801054251052992
4V,46.4,-59.370000000000005,2007-07-28,Summer,22032.77411660186,3.354263495134997
4V,46.43,-60.160000000000004,2007-07-29,Summer,18109.33171160213,4.431353469829042
4V,46.410000000000004,-59.84,2007-07-29,Summer,33049.174011462695,5.378866252468333
4V,45.86,-59.53,2007-07-29,Summer,4277.5421602554325,1.5949768244044409
4V,45.17,-58.92,2007-07-30,Summer,2016.7049993947464,0.3467909454061252
4V,45.550000000000004,-59.370000000000005,2007-07-30,Summer,24598.061408091005,3.394079749259969
4V,44.33,-59.19,2008-07-22,Summer,21187.498007375365,0.8760215522280199
4V,44.65,-58.52,2008-07-23,Summer,905.4445812318811,0.12404590762876773
4V,45.02,-58.92,2008-07-23,Summer,9054.60524910842,0.1254062827001516
4V,45.2,-59.1,2008-07-24,Summer,69417.84201056359,1.1318126414765803
4V,45.36,-59.46,2008-07-24,Summer,24446.98001398653,3.164525746254923
4V,45.730000000000004,-59.71,2008-07-24,Summer,14487.144042023776,5.63278269283937
4V,46.46,-60.14,2008-07-25,Summer,840.7715774012441,0.5740529631548804
4V,46.45,-59.82,2008-07-25,Summer,42859.38011645951,3.725596890616324
4V,46.32,-59.44,2008-07-26,Summer,8350.347684568722,0.6003195739014647
4V,45.550000000000004,-57.85,2008-07-26,Summer,23541.598726236836,14.457257956223984
4V,45,-58.96,2009-07-18,Summer,3923.5819409440237,1.398907868944273
4V,45.09,-59.11,2009-07-18,Summer,15228.03597848806,1.5741261947817105
4V,45.51,-59.480000000000004,2009-07-19,Summer,11861.343973603944,2.1925377429070187
4V,45.82,-59.730000000000004,2009-07-19,Summer,10042.264891646748,2.2894306111788265
4V,46.38,-59.96,2009-07-19,Summer,4915.514592933947,1.90243350311262
4V,46.63,-59.550000000000004,2009-07-20,Summer,15263.18941253967,3.8399856278819096
4V,45.87,-58.11,2009-07-21,Summer,9959.89469281303,13.3969638068056
4V,44.480000000000004,-58.43,2009-07-23,Summer,7545.357890043557,0.3476900915732071
4V,44.27,-59.13,2009-07-24,Summer,31917.064305982123,0.7035335876807974
4V,46.12,-59.230000000000004,2010-07-22,Summer,7490.5045801436945,0.9326089768464623
4V,46.28,-59.730000000000004,2010-07-22,Summer,24899.96922129886,3.106610705391869
4V,46.65,-59.53,2010-07-23,Summer,50101.258869582794,5.583423123240042
4V,46.480000000000004,-59.64,2010-07-23,Summer,35765.64580559254,4.053741677762983
4V,45.76,-58.09,2010-07-24,Summer,13694.812729451598,4.310357421392022
4V,44.230000000000004,-57.82,2010-07-25,Summer,5648.25368435971,0.8692274372266546
4V,44.52,-58.18,2010-07-26,Summer,641.3810095783671,0.07515476300471219
4V,45.07,-58.44,2010-07-26,Summer,2798.689411684707,0.2539810641103872
4V,45.300000000000004,-58.82,2010-07-26,Summer,6996.659965491587,0.8271286783910848
4V,44.29,-59.28,2010-07-29,Summer,6543.914800795535,0.647847565278758
4V,45.33,-59.13,2011-07-29,Summer,3104.4321856572183,1.1295605858854858
4V,45.83,-59.64,2011-07-30,Summer,5030.377101156631,2.684712258887295
4V,46.44,-60.17,2011-07-30,Summer,517.4094774743467,1.6615311845394958
4V,46.69,-59.52,2011-07-31,Summer,18259.835678246418,7.792271694892001
4V,46.58,-59.730000000000004,2011-07-31,Summer,1131.8142702136417,0.7614846409997382
4V,45.160000000000004,-57.54,2011-08-02,Summer,4054.8184883834333,1.3300985656991366
4V,44.480000000000004,-58.47,2011-08-03,Summer,4289.421267884975,0.40609437576179697
4V,44.77,-58.53,2011-08-04,Summer,8205.56351353741,2.884283870054998
4V,44.21,-59.17,2011-08-05,Summer,8706.268217989216,1.5650735999386136
4V,44.230000000000004,-58.29,2011-08-05,Summer,1056.3604015758037,0.19693576057948914
4V,45.2395,-59.276,2012-07-27,Summer,1886.3377011765633,0.30785031283201514
4V,45.4827,-59.5215,2012-07-28,Summer,12158.784550325425,5.319468240767375
4V,45.639500000000005,-59.925700000000006,2012-07-28,Summer,13730.153834890134,3.1419044997094
4V,46.5463,-59.8723,2012-07-29,Summer,2543.8965529510997,0.47083644674959346
4V,46.502500000000005,-60.279300000000006,2012-07-29,Summer,1422.845016337117,0.8465927847205846
4V,46.6465,-59.322500000000005,2012-07-29,Summer,21198.862643455708,14.057001749151148
4V,45.083000000000006,-57.488800000000005,2012-07-31,Summer,19858.571262889665,2.784227239508217
4V,44.3245,-57.7727,2012-08-01,Summer,1041.2540320298795,0.24899552939844943
4V,44.327200000000005,-58.249,2012-08-02,Summer,452.7162977867203,0.08601609657947686
4V,44.478300000000004,-58.7595,2012-08-02,Summer,90.54325955734406,0.07243460764587525
4V,44.2822,-59.3862,2012-08-03,Summer,7907.535068765648,0.9190245910073054
4V,44.354,-59.438,2013-07-20,Summer,4300.8516053249805,0.24130041111981204
4V,44.82,-58.739000000000004,2013-07-26,Summer,17090.147699620848,0.9728934412313961
4V,44.603,-58.253,2013-07-26,Summer,64.67316533988688,0.26302576343732
4V,44.281,-57.892,2013-07-27,Summer,4074.4722992473544,0.15437722822703864
4V,44.339800000000004,-59.358000000000004,2014-08-01,Summer,41641.786058780905,1.5913182636527305
4V,45.475139999999996,-59.711279999999995,2014-08-07,Summer,26833.97596405874,1.4129405350032218
4V,45.09348,-59.139979999999994,2014-08-08,Summer,9787.541365297344,0.32234211122010115
4V,45.8286,-59.87376,2014-08-08,Summer,679.5088995037886,0.9878411589703789
4V,46.476,-59.82951,2014-08-09,Summer,13495.203806400468,0.9828431896766835
4V,46.630500000000005,-59.66952,2014-08-09,Summer,24035.58482262992,1.8516454814556853
4V,46.73946,-59.548739999999995,2014-08-10,Summer,35903.57158738937,6.967383475666222
4V,46.97314,-59.250539999999994,2014-08-10,Summer,39785.434287619275,12.279570232097829
4V,44.68031,-57.09502,2014-08-12,Summer,22912.952578496384,6.104022284367429
4V,44.343900000000005,-57.97936,2014-08-13,Summer,3827.5617622526884,0.34859621641161587
4V,44.57076,-58.471379999999996,2014-08-14,Summer,87.06038856792624,0.17157861378966907
4V,44.22938,-59.51163,2015-08-06,Summer,9495.593195073321,1.1680597014925374
4V,45.130359999999996,-59.11774,2015-08-08,Summer,8683.926645091693,1.7198705501618121
4V,45.39877,-59.7471,2015-08-08,Summer,10859.728506787329,2.0334841628959275
4V,45.74323,-59.692049999999995,2015-08-08,Summer,862.7087198515768,0.35282629870129867
4V,46.451969999999996,-59.94779,2015-08-09,Summer,1442.4810674359899,1.4047457627118645
4V,46.70811,-59.532439999999994,2015-08-10,Summer,4958.4234864876325,4.174115226337448
4V,46.504549999999995,-59.74017,2015-08-10,Summer,1149.3698559670781,4.334362139917696
4V,45.764700000000005,-57.594179999999994,2015-08-11,Summer,7049.084912371466,3.33454051607062
4V,44.44081,-58.49926,2015-08-14,Summer,169.85924845003433,0.20777777777777778
4V,45.64745,-59.394119999999994,2016-07-23,Summer,17237.398999615234,2.983192920353982
4V,46.66485,-59.95851,2016-07-24,Summer,3995.560488346282,4.843924528301887
4V,46.52905,-60.251219999999996,2016-07-24,Summer,7301.5873015873,4.055251231527094
4V,46.75899,-59.57888,2016-07-25,Summer,9875.917953912383,9.565772980501395
4V,47.06634,-59.447469999999996,2016-07-25,Summer,19313.215400624347,21.48338709677419
4V,45.418079999999996,-57.48281,2016-07-27,Summer,5715.020576131687,8.510288065843621
4V,44.55706,-58.22333,2016-07-28,Summer,1854.6195652173913,0.8437565217391305
4V,44.920429999999996,-58.69242,2016-07-28,Summer,2055.98216497399,0.7028991825613079
4V,44.220949999999995,-57.90929,2016-08-10,Summer,3362.866196727672,1.8261656858306927
4V,45.49417,-59.27234,2017-07-22,Summer,11282.86347798543,1.4404181184668992
4V,45.14581,-58.70346,2017-07-22,Summer,8067.460317460317,0.409404761904762
4V,46.42046,-60.13015,2017-07-23,Summer,33527.50809061488,4.810291262135922
4V,47.126979999999996,-59.221329999999995,2017-07-24,Summer,5761.044366663513,5.391103017689907
4V,46.89304,-59.528479999999995,2017-07-24,Summer,49801.92416525183,14.59694397283531
4V,46.62766,-59.69527,2017-07-24,Summer,21157.6310610127,3.737736625514403
4V,45.07562,-57.053839999999994,2017-07-27,Summer,13824.451410658308,2.6720689655172416
4V,44.400639999999996,-57.600339999999996,2017-07-27,Summer,2509.255450431921,0.23167420814479636
4V,44.86599,-58.37471,2017-07-28,Summer,4182.360027899308,0.7393075898801597
4V,44.52514,-58.09609,2017-07-28,Summer,344.3223443223443,0.1645
4V,44.28013,-59.142219999999995,2017-08-02,Summer,11320.754716981131,1.8004528301886793
4V,45.68176,-59.435219999999994,2019-08-02,Summer,8691.358024691357,3.056008230452675
4V,45.30123,-59.18812,2019-08-03,Summer,6194.523135033049,0.39932011331444756
4V,46.515159999999995,-59.9209,2019-08-04,Summer,7298.204641658152,1.8135746606334844
4V,46.65365,-59.61419,2019-08-04,Summer,8508.620689655172,3.9750646551724143
4V,45.81299,-57.885259999999995,2019-08-06,Summer,28668.054110301764,5.680801248699272
4V,45.078019999999995,-58.53266,2019-08-07,Summer,8759.439050701185,0.3778640776699029
4V,44.20453,-58.06728,2019-08-08,Summer,348.19683780422804,1.3344295612009238
4V,44.42077,-58.24408,2019-08-08,Summer,123.40600575894693,0.02579185520361991
4V,45.34769,-59.13991,2020-07-31,Summer,9427.374301675974,1.8331340782122902
4V,45.70802,-59.534929999999996,2020-08-01,Summer,24090.56603773585,2.697509433962264
4V,46.61306,-59.81946,2020-08-01,Summer,7666.26841895659,2.1262139917695473
4V,46.52612,-60.238749999999996,2020-08-02,Summer,11309.52380952381,1.3928809523809524
4V,46.41845,-58.46077,2020-08-03,Summer,8275.862068965516,9.105129310344829
4V,44.49149,-58.3111,2020-08-05,Summer,1276.1012069790584,0.2870283400809717
4V,43.88668,-58.81438,2023-07-20,Summer,6572.449301250393,1.5579771986970685
4V,44.232549999999996,-58.3112,2023-07-21,Summer,17046.77232315423,0.6752261306532663
4V,45.5247,-59.335029999999996,2023-07-28,Summer,2114.6499828509927,0.5135744680851064
4V,45.76811,-59.656200000000005,2023-07-28,Summer,7109.51526032316,1.3133859964093357
4V,46.769749999999995,-59.90891,2023-07-31,Summer,3232.533889468196,1.3793868613138685
4V,47.177,-59.89648,2023-07-31,Summer,11318.619128466325,9.696887379739671
4V,46.82145,-59.36618,2023-08-01,Summer,2456.3754107251093,6.013786008230452
4V,45.73488,-57.789429999999996,2023-08-02,Summer,5449.36284372904,6.623239436619718
4V,45.105059999999995,-59.11868,2023-08-03,Summer,1293.141109654871,0.3055045871559633
4V,44.66466,-58.906409999999994,2023-08-04,Summer,125.66137566137567,0.14476190476190476
4V,44.56948,-57.32703,2023-08-05,Summer,4.521739130434782,0.016278260869565218
4W,44.26,-63.31,1999-07-05,Summer,32958.146650639275,2.1146635028178027
4W,44.07,-62.88,1999-07-06,Summer,27065.043199554068,5.788080929487179
4W,43.82,-63.25,1999-07-06,Summer,11987.778397736307,2.1893674815677144
4W,43.410000000000004,-63.1,1999-07-06,Summer,13525.074482781578,3.859003678367537
4W,44.02,-63.06,1999-07-16,Summer,19580.306512524974,4.78936560915611
4W,43.42,-61.660000000000004,1999-07-16,Summer,50524.95418777621,5.483496820092702
4W,44.26,-63.31,1999-07-17,Summer,34916.11815700754,1.207407288489324
4W,43.800000000000004,-60.93,1999-07-20,Summer,2409.090909090909,1.1313636363636363
4W,43.13,-62.160000000000004,1999-07-21,Summer,4352,1.7394400000000003
4W,44.11,-59.35,1999-07-23,Summer,10752.181089365715,1.007309596793209
4W,44.49,-60.64,1999-07-24,Summer,90.54781427637205,0.29020574475577243
4W,45.17,-60.51,1999-07-30,Summer,950.7323568575233,0.32053262316910786
4W,44.26,-63.31,1999-07-31,Summer,18382.608695652172,1.3279850074962518
4W,44.26,-63.31,2000-06-29,Summer,49346.67561702858,3.736765693054623
4W,43.92,-62.74,2000-07-05,Summer,44366.68445920565,4.783000217464365
4W,43.52,-62.34,2000-07-05,Summer,28521.794061907767,4.669877869025058
4W,43.13,-62.21,2000-07-05,Summer,22883.209644149007,1.8996356552793912
4W,43.11,-61.52,2000-07-14,Summer,236.20288563231696,0.918573338650278
4W,44.26,-63.32,2000-07-15,Summer,96883.46335745181,10.032418448603421
4W,43.730000000000004,-61.18,2000-07-18,Summer,3069.6855895698777,1.5279415232256544
4W,44.59,-62.36,2000-07-18,Summer,NA,NA
4W,43.57,-59.870000000000005,2000-07-19,Summer,2306.7263349460054,0.45815465486235996
4W,45.31,-60.33,2000-07-26,Summer,24673.62366708902,5.768195213621674
4W,44.59,-60.620000000000005,2000-07-28,Summer,772.9681978798585,2.3248122791519434
4W,44.26,-63.31,2000-07-29,Summer,55684.66483566231,4.377810641958169
4W,44.25,-63.33,2001-07-03,Summer,83301.32250452723,6.531457498765296
4W,44.12,-62.800000000000004,2001-07-03,Summer,NA,NA
4W,43.64,-62.71,2001-07-04,Summer,46781.015536993335,5.074080214244724
4W,43.39,-62.56,2001-07-04,Summer,184572.15366202197,4.7364000624447105
4W,43.06,-61.97,2001-07-05,Summer,145775.33319229956,9.583596361328539
4W,44.26,-63.31,2001-07-16,Summer,33803.42854661324,3.59236882389343
4W,44.5,-60.7,2001-07-18,Summer,740.8003865045494,1.0602499753961223
4W,44.46,-60.42,2001-07-18,Summer,311.2449799196787,0.7012632347572108
4W,45.26,-60.5,2001-07-19,Summer,3470.8553132299294,7.6133965829462245
4W,43.64,-59.39,2001-07-28,Summer,452.72112491603207,1.5854293794559444
4W,43.77,-61.19,2001-07-29,Summer,246.93898549233458,0.8121823232842884
4W,44.26,-63.31,2001-07-30,Summer,25352.633199876807,6.373923621804744
4W,44.27,-63.32,2002-07-02,Summer,15694.263671174998,3.097957104861072
4W,43.96,-63.190000000000005,2002-07-03,Summer,16298.102037262754,3.79609959951245
4W,43.79,-63.01,2002-07-03,Summer,36519.72702426264,6.237629738929225
4W,43.46,-62.46,2002-07-03,Summer,32822.2617933782,4.865843720761778
4W,43.07,-62.1,2002-07-04,Summer,143965.85176561892,7.945737938171
4W,43.160000000000004,-63.160000000000004,2002-07-05,Summer,39160.816219408174,3.353342956498917
4W,43.74,-61.160000000000004,2002-07-15,Summer,1302.964797016941,1.6420337802542226
4W,44.27,-63.31,2002-07-16,Summer,6904.049204008995,3.083506828098706
4W,44,-59.13,2002-07-21,Summer,2791.7636273887597,0.8461307383118256
4W,43.76,-59.59,2002-07-22,Summer,7413.351640195933,0.5527757161941517
4W,44.53,-60.77,2002-07-22,Summer,9.054537797431037,0.11001263423878711
4W,44.980000000000004,-60.82,2002-07-30,Summer,124.49897632573025,3.816459528821477
4W,44.27,-63.32,2002-07-30,Summer,16071.666346111168,3.452012841946413
4W,43.04,-62.620000000000005,2003-07-12,Summer,42555.94360367352,2.9503945155865994
4W,43.65,-62.940000000000005,2003-07-12,Summer,31237.597598795408,12.975373692450367
4W,43.57,-61.89,2003-07-14,Summer,4923.308219872293,0.8891381465590055
4W,43.77,-61.050000000000004,2003-07-15,Summer,10412.593888260108,0.60030867373186525
4W,44.53,-60.64,2003-07-17,Summer,10700.421565465002,0.31825523063746486
4W,44.56,-62.4,2003-07-22,Summer,40443.357443929846,4.183623874694281
4W,44.96,-61.06,2003-07-22,Summer,23088.683203166664,7.649144929425567
4W,43.69,-59.2,2003-07-29,Summer,18108.761658878928,3.2622934128470393
4W,44.01,-59.11,2003-07-30,Summer,1403.4476754309594,0.35222009402751175
4W,44.27,-63.32,2003-07-31,Summer,6847.435309434687,1.184776079655575
4W,44.26,-63.32,2004-07-05,Summer,14404.9038408361,4.567548066720429
4W,43.97,-63.050000000000004,2004-07-06,Summer,23315.155880234593,7.275686799053401
4W,43.76,-62.61,2004-07-06,Summer,15392.508978963571,1.6460930190444572
4W,43.53,-62.5,2004-07-06,Summer,98241.80594747124,3.1677323327855125
4W,43.4,-62.21,2004-07-06,Summer,93523.46563780162,3.252376806547101
4W,43.13,-62.9,2004-07-07,Summer,180185.61835056214,3.4701577001433637
4W,44.27,-63.32,2004-07-18,Summer,35010.6107050224,7.061579816081113
4W,44.69,-62.230000000000004,2004-07-18,Summer,16874.24365139149,4.434427761510186
4W,44.46,-60.51,2004-07-19,Summer,905.4553685957895,1.0838300762091602
4W,45.14,-60.63,2004-07-20,Summer,15593.968851259538,2.6991650987770464
4W,43.54,-59.94,2004-07-29,Summer,177.1530100334448,0.47626602564102566
4W,43.54,-61.4,2004-07-30,Summer,2572.3094561770336,0.240850479000768
4W,43.14,-61.85,2004-07-30,Summer,8537.03349844928,0.2598621257331001
4W,44.27,-63.32,2004-07-30,Summer,44547.82459372121,10.416223051344897
4W,44.27,-63.31,2005-07-01,Summer,18561.687170474514,4.0627458699472765
4W,43.72,-62.940000000000005,2005-07-01,Summer,33727.84891993274,7.013128961324537
4W,44.27,-63.32,2005-07-13,Summer,6522.317235439105,2.6756079962650143
4W,44.51,-62.77,2005-07-13,Summer,15392.557880941979,2.8897263810015485
4W,45.300000000000004,-60.36,2005-07-14,Summer,17656.222953089837,4.06772213419262
4W,44.550000000000004,-60.74,2005-07-21,Summer,3246.3800122054736,0.8040422005739926
4W,44.160000000000004,-59.26,2005-07-23,Summer,12593.937718350215,2.0358964611556543
4W,45.45,-60.17,2005-07-24,Summer,23.827445968558603,0.07288815721782076
4W,43.660000000000004,-61.4,2005-07-25,Summer,6381.3616299804135,1.2318830570902393
4W,42.99,-61.86,2005-07-25,Summer,2557.8763247247657,0.530589566827863
4W,43.43,-62.43,2005-07-26,Summer,53422.37061769616,6.666478028352339
4W,43.9,-62.78,2005-07-26,Summer,78035.09319688662,NA
4W,44.27,-63.32,2005-07-27,Summer,14240.24584316523,6.207759424902594
4W,44.27,-63.32,2006-07-06,Summer,35614.135625596944,5.026573065902579
4W,43.12,-63.190000000000005,2006-07-16,Summer,5696.7517197147845,1.1739081225870547
4W,43.13,-62.2,2006-07-17,Summer,22410.032715376223,2.149099501007898
4W,42.980000000000004,-62.160000000000004,2006-07-17,Summer,10412.700316308632,1.4188435996222284
4W,43.61,-61.61,2006-07-18,Summer,17769.75315295893,2.4144227659803814
4W,43.33,-62.22,2006-07-18,Summer,62476.05780950722,5.089535086191886
4W,43.56,-62.52,2006-07-18,Summer,10671.37633392204,1.295699111962389
4W,43.85,-62.77,2006-07-19,Summer,82395.89418342651,14.241813402319952
4W,44.27,-63.32,2006-07-20,Summer,26937.25886590453,5.324069987614073
4W,44.64,-62.33,2006-07-21,Summer,8526.32189912357,2.5198676649834577
4W,44.480000000000004,-60.49,2006-07-21,Summer,1810.918774966711,0.6297470039946738
4W,45.230000000000004,-60.410000000000004,2006-07-22,Summer,16524.522693494913,3.3710026294729625
4W,44.26,-63.32,2006-08-01,Summer,18222.164297865333,5.494265488668166
4W,43.59,-60.1,2006-08-03,Summer,7588.496529125166,0.8393480791618161
4W,44.27,-63.32,2007-07-07,Summer,28430.94555873926,7.779575931232093
4W,44.27,-63.32,2007-07-19,Summer,23541.782282326138,4.02202295761895
4W,43.88,-62.72,2007-07-19,Summer,14215.542024130204,1.9394707653303758
4W,43.15,-63.06,2007-07-19,Summer,4451.784905850199,0.553228592028706
4W,42.910000000000004,-61.88,2007-07-20,Summer,5885.381528956432,1.5288410325604518
4W,43.07,-62.06,2007-07-20,Summer,32925.55039173173,1.8258452400354936
4W,43.49,-62.35,2007-07-20,Summer,128573.18603449548,4.721895529365451
4W,43.74,-61.47,2007-07-21,Summer,10783.224266370333,0.5672716796312302
4W,43.63,-59.65,2007-07-23,Summer,30105.946046858953,2.2726593857929616
4W,45.42,-60.34,2007-07-30,Summer,24145.3972836428,4.905288366905059
4W,44.49,-60.67,2007-08-01,Summer,802.574824668269,0.06791017747193047
4W,44.26,-63.32,2007-08-02,Summer,28295.381294316932,4.311763383153192
4W,44.27,-63.31,2008-07-06,Summer,32294.087465668665,7.03392388253403
4W,43.6,-62.480000000000004,2008-07-16,Summer,18788.431650787214,2.918318805324684
4W,44.26,-63.31,2008-07-18,Summer,59532.83030984107,3.1138160218333604
4W,43.95,-62.65,2008-07-18,Summer,61570.190772016744,9.766118789220185
4W,43.63,-61.550000000000004,2008-07-20,Summer,76057.80950722618,3.4275814034476753
4W,43.06,-61.89,2008-07-21,Summer,3035.9037298948806,0.3671579361759713
4W,45.47,-60.01,2008-07-29,Summer,10865.387747125687,1.7814708660391492
4W,44.54,-60.68,2008-07-31,Summer,551.1526871036832,0.0737954079982753
4W,44.26,-63.31,2008-08-01,Summer,43461.327208268835,3.6023102145436994
4W,44.27,-63.32,2009-07-01,Summer,27842.655193607865,4.445770308963077
4W,44.13,-63.2,2009-07-02,Summer,37123.558066677535,2.918273845095163
4W,43.75,-62.95,2009-07-03,Summer,6690.246011160889,2.3772506484319735
4W,43.29,-62.58,2009-07-03,Summer,19693.840015845617,2.7462720353130927
4W,43.230000000000004,-63.230000000000004,2009-07-03,Summer,13808.004938779708,2.5008334190760366
4W,44.27,-63.32,2009-07-13,Summer,11972.062607618935,3.5063555632944454
4W,45.18,-60.65,2009-07-17,Summer,3904.7536130942012,3.040048755006094
4W,44.410000000000004,-60.56,2009-07-17,Summer,215.59274530412046,0.5537068477645727
4W,43.59,-59.81,2009-07-25,Summer,5036.560939472095,0.5283295834933874
4W,43.51,-61.43,2009-07-27,Summer,1542.0297370833478,0.864280527911844
4W,42.93,-62.01,2009-07-27,Summer,3824.0909899624658,1.7669779864881379
4W,44.27,-63.32,2009-07-28,Summer,25805.328225666028,4.238864704858089
4W,44.26,-63.31,2010-07-02,Summer,23294.54567404647,2.8290526061630397
4W,42.96,-62.06,2010-07-18,Summer,384.814732544241,1.9919821449348944
4W,43.18,-62.32,2010-07-18,Summer,42254.61366505179,2.6131460365144172
4W,43.528800000000004,-62.4697,2010-07-18,Summer,36444.61429915334,1.8942144873000941
4W,43.76,-62.82,2010-07-19,Summer,21730.778512476467,5.129821902601477
4W,44.26,-63.31,2010-07-19,Summer,19618.039623545726,2.562870514820593
4W,44.59,-60.65,2010-07-21,Summer,28.296547821165817,0.02173174872665535
4W,44.26,-63.32,2010-08-01,Summer,19014.31537536881,1.8484630875626393
4W,44.26,-63.31,2011-07-05,Summer,42254.338615125656,3.204387950548494
4W,43.85,-63,2011-07-06,Summer,42555.78481817152,12.908889875588756
4W,43.57,-62.54,2011-07-18,Summer,135.81938404717937,0.03123845833085126
4W,43.46,-61.81,2011-07-19,Summer,27888.04071246819,2.254132381613297
4W,43.79,-61.1,2011-07-20,Summer,40744.932606235205,3.769811709023562
4W,44.58,-60.6,2011-07-22,Summer,90.54770318021201,0.12903047703180212
4W,44.26,-63.31,2011-07-23,Summer,7401.462740507886,1.6565127409132063
4W,45,-60.77,2011-07-28,Summer,3904.765754476737,0.8900602287885524
4W,43.5,-59.9,2011-08-06,Summer,4756.5561439509875,1.8842298742337673
4W,42.800000000000004,-62.17,2011-08-07,Summer,4844.116774904758,4.103464901657639
4W,43.28,-62.49,2011-08-08,Summer,18163.220833276857,1.5582796447849556
4W,44.26,-63.31,2011-08-08,Summer,4178.967446793355,0.9407552217306309
4W,44.267700000000005,-63.3175,2012-07-04,Summer,12886.505775743446,3.0649367072600127
4W,44.042500000000004,-62.802800000000005,2012-07-05,Summer,26106.86822559903,2.4129989764585464
4W,43.5732,-62.473200000000006,2012-07-07,Summer,49497.73183880146,4.34161507622658
4W,43.2652,-62.2545,2012-07-08,Summer,28521.358159912375,3.1464037970062066
4W,43.4407,-61.8832,2012-07-08,Summer,20824.949698189135,1.5437625754527164
4W,43.981300000000005,-61.0328,2012-07-20,Summer,1955.7344064386318,0.488933601609658
4W,44.5798,-60.4408,2012-07-20,Summer,NA,0.07243642948766317
4W,44.268,-63.3187,2012-07-21,Summer,18901.10958352428,1.8425752336513495
4W,44.6165,-61.2242,2012-07-26,Summer,329.2491907974851,0.20825011317940934
4W,43.4635,-60.127500000000005,2012-08-04,Summer,129.34860260212585,0.5161009243824822
4W,42.9758,-61.6037,2012-08-04,Summer,9959.843720997613,2.806865048644782
4W,44.2715,-63.3247,2012-08-05,Summer,8304.36762542671,1.5799996997267514
4W,44.273,-63.323,2013-06-27,Summer,8019.580622320347,1.6103188541544706
4W,44.273,-63.322,2013-07-13,Summer,5144.555140027931,1.1915612833127092
4W,43.122,-62.215,2013-07-16,Summer,47974.286635871606,2.8788153160666203
4W,43.495000000000005,-62.49,2013-07-16,Summer,36897.09211213652,0.43642695455336933
4W,43.083000000000006,-61.506,2013-07-17,Summer,5809.932217457463,1.169833624668318
4W,43.721000000000004,-61.404,2013-07-18,Summer,45.271914436081715,0.6224888234961237
4W,43.734,-60.598000000000006,2013-07-19,Summer,3664.780382646187,0.6120614389652386
4W,43.437000000000005,-60.303000000000004,2013-07-19,Summer,135.81558645539798,0.07877304014413083
4W,44.643,-60.518,2013-07-22,Summer,370.4001932522747,0.4649345536856608
4W,44.102000000000004,-62.84,2013-07-23,Summer,30332.219193388366,6.235761002533303
4W,44.273,-63.319,2013-07-23,Summer,7319.018669426119,1.3409649463200104
4W,44.609,-61.332,2013-07-25,Summer,3745.264401261866,0.5613780926726577
4W,44.260400000000004,-63.331900000000005,2014-06-28,Summer,23541.499438112056,2.058523037405683
4W,44.25882,-63.3226,2014-07-22,Summer,17620.954921096836,3.2360639730141583
4W,43.6237,-63.09106,2014-07-28,Summer,28041.558941752104,13.828758983645521
4W,43.473859999999995,-62.52337,2014-07-28,Summer,46643.7906311145,3.7602852130609477
4W,43.100719999999995,-62.08054,2014-07-28,Summer,203.72664887533358,0.025805375524208918
4W,43.43749,-61.48663,2014-07-30,Summer,102634.92280885966,4.789807269434743
4W,43.751400000000004,-60.8515,2014-07-31,Summer,994.6454333466922,0.03395457632234211
4W,43.5524,-60.3716,2014-07-31,Summer,852.9582445019879,0.15166253708971889
4W,44.6942,-62.816159999999996,2014-08-02,Summer,45.271629778672036,0.030331991951710262
4W,44.2534,-63.328100000000006,2014-08-03,Summer,4527.217946516384,0.6496557753251011
4W,44.935759999999995,-60.85444,2014-08-07,Summer,11669.5496702495,1.877897764344017
4W,44.25712,-63.32994,2014-08-16,Summer,164.6264742888724,0.02263614021471996
4W,43.903169999999996,-62.959509999999995,2015-06-30,Summer,16753.437213565536,4.9807516040329975
4W,43.48911,-61.709849999999996,2015-07-01,Summer,97432.71221532089,10.476417391304347
4W,43.680229999999995,-60.885079999999995,2015-07-01,Summer,NA,0.11351758793969847
4W,43.436609999999995,-62.31404,2015-07-02,Summer,21283.018867924526,1.5482264150943397
4W,44.263729999999995,-63.325359999999996,2015-08-04,Summer,7651.867286424106,1.1957647058823528
4W,44.659839999999996,-61.466559999999994,2015-08-05,Summer,14106.520657043304,1.112020905923345
4W,44.620529999999995,-60.51309,2015-08-05,Summer,64.57607433217188,0.01762926829268293
4W,43.62836,-59.589079999999996,2015-08-15,Summer,1177.0031688546853,1.2064282480760524
4W,43.17264,-62.368100000000005,2015-08-17,Summer,19004.524886877825,3.5497737556561084
4W,44.263169999999995,-63.319449999999996,2015-08-17,Summer,12793.848167539267,2.403431937172775
4W,44.27596,-63.31308,2016-06-28,Summer,19307.262569832397,2.740877094972067
4W,43.72629,-62.978500000000004,2016-06-28,Summer,80966.49312508343,18.763037885462555
4W,44.27061,-63.3333,2016-07-16,Summer,26488.363122026487,3.8739462517680336
4W,44.578,-61.6041,2016-07-21,Summer,11923.598059355741,3.4919124087591245
4W,44.58119,-60.54241,2016-07-22,Summer,993.9975990396157,0.33216806722689074
4W,44.255300000000005,-63.323879999999996,2016-08-03,Summer,26235.864297253636,6.40426494345719
4W,43.36658,-62.47512,2016-08-06,Summer,31874.999999999996,4.092659574468085
4W,43.19395,-62.40249,2016-08-06,Summer,9996.333599327107,1.60643216080402
4W,42.952349999999996,-62.20738,2016-08-06,Summer,57681.94070080861,2.904452830188679
4W,43.96646,-60.870929999999994,2016-08-08,Summer,1486.447099970854,1.3954931506849317
4W,43.608579999999996,-61.56774,2016-08-08,Summer,3550.3913499556197,2.2267078189300413
4W,43.66551,-59.348789999999994,2016-08-09,Summer,157.26604467062478,0.3954045801526717
4W,44.15813,-59.164919999999995,2016-08-10,Summer,1751.4735222894042,2.1976771653543303
4W,44.26452,-63.326879999999996,2016-08-15,Summer,3296.703296703296,2.5823529411764707
4W,44.2668,-63.331979999999994,2017-06-28,Summer,16601.85185185185,3.61045
4W,43.80717,-62.91856,2017-06-29,Summer,66528.45146821051,15.350418244406198
4W,44.281569999999995,-63.32371,2017-07-19,Summer,18255.539839698253,3.4996322489391796
4W,44.607549999999996,-61.76076,2017-07-20,Summer,26014.040561622467,4.841778471138846
4W,44.27505,-63.315259999999995,2017-07-29,Summer,20361.99095022624,6.046153846153847
4W,44.1816,-60.667289999999994,2017-08-01,Summer,10981.002495120925,1.947766990291262
4W,44.60602,-60.506119999999996,2017-08-02,Summer,NA,1.1095454545454546
4W,43.69108,-59.58631,2017-08-04,Summer,10511.551918127032,1.7998353909465021
4W,44.27384,-63.3249,2018-07-14,Summer,21721.85430463576,5.6341059602649
4W,44.26058,-63.32037,2018-07-28,Summer,8322.33962543307,2.752488687782806
4W,44.26137,-63.31239,2019-07-16,Summer,42552.42966751917,11.373721227621484
4W,43.946979999999996,-62.81455,2019-07-19,Summer,12202.011072195231,5.243773584905661
4W,43.52563,-62.45536,2019-07-20,Summer,7096.399535423927,1.2818815331010456
4W,43.12947,-62.149049999999995,2019-07-21,Summer,13684.52380952381,1.8099761904761906
4W,42.906909999999996,-62.15417,2019-07-21,Summer,9053.57142857143,3.803405357142857
4W,43.57731,-61.861349999999995,2019-07-22,Summer,48808.47308031773,2.1289967637540452
4W,43.43329,-60.7811,2019-07-22,Summer,7117.12758540553,1.1927492447129908
4W,44.16012,-59.28565,2019-07-24,Summer,203804.34782608695,2.972373188405797
4W,44.61343,-60.65286,2019-07-25,Summer,3789.4736842105262,0.4768421052631579
4W,44.046969999999995,-61.11703,2019-07-25,Summer,15384.615384615383,2.502714932126697
4W,44.26873,-63.32848,2019-07-26,Summer,20657.092268345466,3.3330316742081454
4W,44.590219999999995,-62.24277,2019-08-01,Summer,26769.371568029284,4.004244966442953
4W,44.270779999999995,-63.327819999999996,2019-08-10,Summer,21894.613924974456,4.36606334841629
4W,44.26358,-63.323589999999996,2020-07-05,Summer,30996.755162241887,4.045868436578171
4W,43.98149,-62.993089999999995,2020-07-05,Summer,50704.22535211267,9.296076458752514
4W,43.62594,-62.48648,2020-07-06,Summer,28791.93205944798,2.1195987261146496
4W,43.349849999999996,-62.19271,2020-07-06,Summer,44483.52779684282,7.276090425531915
4W,44.42679,-62.639959999999995,2020-07-10,Summer,117641.97530864197,7.348098765432099
4W,43.640409999999996,-61.74906,2020-07-11,Summer,69773.46278317152,9.859805825242718
4W,43.80516,-60.88063,2020-07-12,Summer,4132.5714285714275,0.7326919999999999
4W,43.70476,-59.73939,2020-07-12,Summer,7214.45891558133,0.5576024464831804
4W,44.272200000000005,-63.32212,2020-07-18,Summer,72054.62844102125,12.477932249322496
4W,44.65824,-60.6325,2020-07-30,Summer,NA,0.1216027397260274
4W,44.100739999999995,-59.00535,2020-08-06,Summer,329.19301988874497,1.0188935456831518
4W,44.277519999999996,-63.32066,2020-08-08,Summer,16897.689768976896,4.028288543140028
4W,44.276889999999995,-63.32371,2021-07-23,Summer,8689.05109489051,2.238335766423358
4W,44.2657,-63.31843,2022-07-07,Summer,23664.946597863913,2.119578783151326
4W,44.499700000000004,-61.973859999999995,2022-07-15,Summer,29941.993907273714,6.332600258732213
4W,43.41305,-62.431189999999994,2022-07-15,Summer,4350.453172205438,0.7128398791540785
4W,44.26511,-63.3166,2022-07-20,Summer,9229.329173166929,1.999687987519501
4W,43.29047,-63.06245,2022-08-04,Summer,8333.466933867736,0.6571663326653306
4W,42.98719,-61.918549999999996,2022-08-05,Summer,696.3562753036437,0.9550526315789474
4W,43.84185,-62.711119999999994,2022-08-06,Summer,10469.397146801655,1.6528571428571428
4W,44.26707,-63.32243,2022-08-06,Summer,7782.805429864254,1.2714932126696834
4W,44.2599,-63.32798,2023-06-29,Summer,33327.228327228324,3.584974358974359
4W,44.25495,-63.32358,2023-07-10,Summer,12682.926829268294,1.6691637630662022
4W,42.94846,-62.2986,2023-07-16,Summer,3350.582147477361,0.8779430789133249
4W,43.127959999999995,-62.85028,2023-07-16,Summer,9228.57142857143,1.0630952380952383
4W,43.47763,-62.33526,2023-07-17,Summer,11598.705501618122,1.0166990291262137
4W,44.05686,-62.536849999999994,2023-07-18,Summer,74846.8047855267,6.043288590604027
4W,43.82996,-59.95341,2023-07-20,Summer,542.7135678391959,0.16959798994974873
4W,43.81986,-59.187329999999996,2023-07-20,Summer,4437.735849056604,0.14400000000000002
4W,44.705059999999996,-60.58446,2023-07-23,Summer,NA,0.038796992481203
4W,44.25835,-63.312729999999995,2023-07-25,Summer,8758.677011024907,2.3947974683544304
4W,43.79828,-62.891479999999994,2023-08-10,Summer,21948.160535117055,4.154438405797101
4W,44.27155,-63.31473,2023-08-14,Summer,11134.58431713682,1.6053634894991924
4X,43.2,-64.01,1999-07-08,Summer,15750.7496130323,2.485921015400784
4X,42.37,-65.35,1999-07-09,Summer,20510.99316716991,1.885619174434088
4X,42.75,-65.33,1999-07-10,Summer,8838.933972368968,1.771516393442623
4X,43.160000000000004,-66.96000000000001,1999-07-11,Summer,27314.162883025157,4.630429690070409
4X,43.730000000000004,-66.88,1999-07-11,Summer,90997.83540596747,10.071785294908251
4X,44.300000000000004,-66.52,1999-07-12,Summer,143060.24383463722,32.21345458877725
4X,44.86,-65.92,1999-07-12,Summer,8231.35033244366,1.3948434705842407
4X,45.19,-65.65,1999-07-12,Summer,905.4770318021199,0.7424911660777385
4X,42.61,-66.11,1999-07-14,Summer,25599.41675191966,4.372396843875307
4X,42.97,-65.35,1999-07-14,Summer,36368.780947889645,5.428153737326102
4X,43.29,-65.22,1999-07-14,Summer,14577.783609999344,4.483800275572469
4X,43.42,-64.77,1999-07-15,Summer,12449.939056242381,2.1748911718613964
4X,43.39,-64.59,1999-07-15,Summer,21164.79110076316,2.424783339800802
4X,43.13,-63.97,2000-07-06,Summer,32143.344151416804,3.9948291379169283
4X,42.35,-64.96000000000001,2000-07-07,Summer,192860.23241731303,16.39221430837106
4X,42.660000000000004,-65.48,2000-07-08,Summer,33462.219818955586,5.135702763178435
4X,42.37,-65.4,2000-07-08,Summer,66097.7564102564,5.351201923076924
4X,42.64,-66.14,2000-07-09,Summer,63381.507922688485,4.6033083754135475
4X,43.63,-67.37,2000-07-10,Summer,96882.68011900142,12.30817488035183
4X,44.300000000000004,-66.79,2000-07-10,Summer,52968.83162110395,4.45481455685182
4X,44.88,-66.12,2000-07-10,Summer,238132.61894378334,6.694424023425332
4X,45.19,-65.48,2000-07-11,Summer,397.5197178814608,1.2866609046384327
4X,43.22,-66.75,2000-07-12,Summer,48592.98712827341,4.576644474034621
4X,43.04,-65.59,2000-07-13,Summer,42478.204791013224,6.2630424067617145
4X,43.230000000000004,-65.36,2000-07-13,Summer,39688.54040262609,6.0429198170447105
4X,43.7,-64.38,2000-07-13,Summer,23680.01407515814,8.722540725990259
4X,43.25,-63.35,2001-07-06,Summer,44366.79630529898,8.227777102576567
4X,43.64,-63.83,2001-07-06,Summer,56589.838766917004,23.608375296137503
4X,42.75,-65.44,2001-07-07,Summer,36896.58680502568,7.1927971921257425
4X,42.51,-65.49,2001-07-08,Summer,21881.34627270611,5.399109013412961
4X,42.28,-65.28,2001-07-08,Summer,16071.598409769644,1.6297958950752314
4X,42.71,-65.94,2001-07-09,Summer,10110.792741165234,3.6996446991404017
4X,42.72,-67.16,2001-07-09,Summer,109106.1958349502,19.385590479886172
4X,43.75,-67.26,2001-07-10,Summer,98692.83484447097,9.982916060346007
4X,44.83,-66.08,2001-07-11,Summer,85564.51292641278,4.047337278106508
4X,45.25,-65.39,2001-07-11,Summer,67.90710308298247,0.551858391054371
4X,43.34,-66.96000000000001,2001-07-12,Summer,45950.92972925224,7.18328474890685
4X,43.03,-65.3,2001-07-13,Summer,32294.311380298346,10.296301734422318
4X,44.04,-64.09,2001-07-14,Summer,30784.958013873675,4.312157721796276
4X,43.18,-63.9,2002-07-06,Summer,19693.68588354284,5.359398930790348
4X,42.51,-65.48,2002-07-07,Summer,12654.294116508985,2.367299320912415
4X,42.34,-65.39,2002-07-07,Summer,18356.131218980754,1.3115579227696406
4X,43.53,-67.38,2002-07-09,Summer,81791.67952807216,20.683485955345205
4X,44.77,-66.14,2002-07-10,Summer,15958.431937442123,2.7158761189422784
4X,45.25,-65.23,2002-07-10,Summer,1008.3706443449482,0.8728785561333741
4X,43.09,-66.88,2002-07-12,Summer,12072.565003448643,4.872185421266786
4X,42.77,-66.17,2002-07-12,Summer,171131.06466460426,10.256545687768808
4X,42.96,-65.62,2002-07-12,Summer,105484.413400595,9.302548182641313
4X,42.730000000000004,-65.56,2002-07-12,Summer,51309.219926471764,11.398343206665704
4X,43.4,-64.4,2002-07-13,Summer,21213.313645200626,5.443090517358933
4X,43.69,-64.31,2003-07-03,Summer,38933.8216592909,7.109044203672617
4X,43.21,-65.26,2003-07-03,Summer,60362.50307553514,12.390007381284343
4X,42.730000000000004,-65.6,2003-07-04,Summer,35463.21821047834,2.368188439902284
4X,42.78,-66.08,2003-07-04,Summer,26106.52855041882,2.3255937080375984
4X,43.050000000000004,-67.33,2003-07-05,Summer,52289.15662650602,9.083826213946695
4X,44.61,-66.33,2003-07-06,Summer,28430.78492635337,3.721807052222151
4X,45.12,-65.65,2003-07-07,Summer,8053.645962213814,1.7687760376124793
4X,43.71,-67.22,2003-07-08,Summer,64286.33959055039,5.880841910431336
4X,42.79,-65.12,2003-07-09,Summer,6262.647048736152,0.7329560654388311
4X,42.32,-64.95,2003-07-10,Summer,19919.694378954773,8.743387671380761
4X,43.38,-63.76,2003-07-11,Summer,21730.61002064492,4.007033943598503
4X,42.99,-63.440000000000005,2003-07-11,Summer,8472.315415895291,2.273555542980024
4X,43.1,-64.07000000000001,2004-07-08,Summer,15392.784283039431,3.3085431629544755
4X,43.57,-63.65,2004-07-09,Summer,24748.91152508845,9.031843626686245
4X,43.12,-65.29,2004-07-11,Summer,18626.496794489405,3.9695134279811874
4X,43.37,-65.22,2004-07-11,Summer,18108.912171775966,5.079097141378864
4X,42.85,-65.34,2004-07-11,Summer,27997.470604946986,16.196691624586453
4X,43.01,-66.78,2004-07-12,Summer,46350.08850004869,2.8774997268058136
4X,44.72,-66.36,2004-07-13,Summer,44970.92446032961,3.104804697472556
4X,45.17,-65.55,2004-07-14,Summer,27465.320099831675,1.845760055720007
4X,43.4,-67.5,2004-07-15,Summer,11318.147159740754,3.20756290507053
4X,42.67,-66.1,2004-07-16,Summer,17769.603508647826,1.8960280125915185
4X,42.39,-65.41,2004-07-16,Summer,26937.09396292188,5.631889897457953
4X,43.22,-64.12,2005-07-02,Summer,21127.38570794496,3.3633288948069238
4X,42.51,-65.45,2005-07-02,Summer,15557.139584022809,0.9828572762064781
4X,42.22,-65.45,2005-07-03,Summer,7979.315055127328,0.37893257878817443
4X,42.77,-65.99,2005-07-04,Summer,40141.42198077006,3.0857586340706242
4X,43.230000000000004,-67.48,2005-07-05,Summer,12467.363229816223,3.2496634983996397
4X,43.74,-67.01,2005-07-05,Summer,10153.933665538105,2.829519731638803
4X,44.28,-66.73,2005-07-06,Summer,8028.287157999512,2.4193514984407547
4X,45.18,-65.51,2005-07-06,Summer,2091.1585947281574,1.0204422775552848
4X,44.95,-66.04,2005-07-07,Summer,7243.564868710387,1.6370456603285475
4X,43.28,-65.31,2005-07-09,Summer,17944.515717580405,2.72452076025777
4X,43.03,-65.4,2005-07-09,Summer,19025.735038834595,4.6024447375155
4X,42.67,-65.39,2005-07-10,Summer,143062.58322237016,4.868202396804261
4X,43.93,-63.68,2005-07-12,Summer,28295.076350822237,4.326203993735317
4X,43.29,-63.59,2006-07-06,Summer,15958.423061863741,3.1092893500391545
4X,43.25,-64.25,2006-07-06,Summer,15619.273472027593,3.1745607416190578
4X,43.83,-64.33,2006-07-07,Summer,26409.04375008421,4.741404260479405
4X,42.51,-65.48,2006-07-08,Summer,10790.009809099827,1.2717120651927867
4X,42.63,-65.64,2006-07-08,Summer,14396.876149514728,0.9729209699782122
4X,42.82,-65.43,2006-07-08,Summer,21730.80271635034,7.65739160717395
4X,43.02,-65.46000000000001,2006-07-09,Summer,41952.18986864218,13.91529992797613
4X,42.69,-66.17,2006-07-09,Summer,109560.09960009054,10.128423753112502
4X,44.18,-66.71000000000001,2006-07-10,Summer,86017.0321064996,6.4286413469068115
4X,44.910000000000004,-66.19,2006-07-11,Summer,57949.26176686516,6.823978301655926
4X,45.29,-65.26,2006-07-12,Summer,431.1808864834961,0.6351941229231624
4X,43.74,-67.37,2006-07-13,Summer,713906.2586910588,23.288875847542
4X,42.69,-67.2,2006-07-14,Summer,27917.906264821275,3.8671581942827578
4X,42.47,-64.67,2006-07-15,Summer,164.62576448089382,0.047988410346180545
4X,42.83,-65.36,2007-07-09,Summer,29517.673689709212,4.809298276162284
4X,42.97,-65.5,2007-07-09,Summer,81490.10477299185,10.820527745440435
4X,43.800000000000004,-66.55,2007-07-11,Summer,43475.63355691764,4.033748328017286
4X,45.2,-65.31,2007-07-12,Summer,3621.876131836291,0.8266932270916335
4X,44.99,-66.23,2007-07-13,Summer,53119.6474787031,4.275527989677887
4X,44.24,-66.79,2007-07-13,Summer,45725.23071565384,8.451018631377329
4X,43.56,-67.07000000000001,2007-07-14,Summer,93261.04479754425,19.940207369455518
4X,42.39,-67.02,2007-07-14,Summer,20523.373460918472,5.663545632266694
4X,42.63,-66.11,2007-07-15,Summer,27843.001841620626,0.6827194597912831
4X,42.27,-65.39,2007-07-16,Summer,9119.162087912087,0.7202844551282052
4X,42.65,-65.32000000000001,2007-07-16,Summer,4009.8277334701806,0.33275102723716266
4X,43.15,-63.940000000000005,2007-07-17,Summer,138987.3990794537,9.093940994491813
4X,43.63,-63.84,2007-07-17,Summer,38934.02921930292,12.366081489828598
4X,43.660000000000004,-63.95,2008-07-06,Summer,47988.54507743654,15.28299344079342
4X,43.25,-64.08,2008-07-07,Summer,15845.376980672123,0.641058680132335
4X,43.19,-65.25,2008-07-08,Summer,71077.37887185633,11.379171451873304
4X,42.44,-65.31,2008-07-09,Summer,66550.58331882292,6.774125021765627
4X,42.63,-65.43,2008-07-09,Summer,25352.791022491932,1.1028464094783992
4X,42.910000000000004,-65.62,2008-07-09,Summer,42103.2775288847,6.2715774581466635
4X,42.74,-66,2008-07-10,Summer,15721.906510692861,1.622113877764235
4X,43.62,-66.7,2008-07-10,Summer,50252.87543845338,1.9671057998205401
4X,45.2,-65.24,2008-07-12,Summer,452.72505659063205,0.5840153230019154
4X,45.03,-65.95,2008-07-12,Summer,53874.05569040281,4.944189598276379
4X,43.45,-67.21000000000001,2008-07-13,Summer,67455.9159743758,9.48049890214365
4X,42.68,-67.19,2008-07-14,Summer,47686.85639829014,6.255278115713687
4X,42.2,-65.4,2008-07-15,Summer,144.04868257517234,0.09009216175915778
4X,43.95,-63.43,2009-07-02,Summer,22409.8141625167,3.848149906694787
4X,43.15,-63.99,2009-07-03,Summer,29426.89577116987,4.116143636176561
4X,42.59,-65.66,2009-07-05,Summer,22273.991983022872,1.0833671303937749
4X,42.74,-66.14,2009-07-06,Summer,24628.1537373261,0.8443291676491392
4X,43.94,-66.42,2009-07-07,Summer,17850.40583803128,1.0014336376669433
4X,44.2,-66.86,2009-07-07,Summer,36218.038432985675,6.409687351677642
4X,44.94,-65.87,2009-07-08,Summer,18108.899441478236,1.336889501267131
4X,45.230000000000004,-65.08,2009-07-08,Summer,150.90743020531352,0.2707279297883325
4X,43.37,-67.42,2009-07-10,Summer,17203.440688137627,4.211221191606742
4X,42.7,-67.21000000000001,2009-07-11,Summer,44970.65286934268,8.328323458232497
4X,42.34,-67.02,2009-07-11,Summer,34855.499249605164,5.978178854918057
4X,42.26,-65.55,2009-07-11,Summer,9688.427616546009,2.399470391013731
4X,43.69,-63.79,2010-07-07,Summer,36670.5965574157,11.6236736618722
4X,43.26,-64.17,2010-07-07,Summer,14600.442198357548,0.847504737839545
4X,42.95,-65.46000000000001,2010-07-09,Summer,9808.973462402002,0.8995583201442822
4X,42.63,-65.57000000000001,2010-07-10,Summer,17807.21819799212,2.631242851696531
4X,42.6488,-66.2787,2010-07-10,Summer,3578.7008530349403,0.36535086359266955
4X,43.88,-66.62,2010-07-12,Summer,11112.45611911391,1.4931025299600535
4X,44.3495,-66.59270000000001,2010-07-12,Summer,16863.908576451842,3.1192571836712273
4X,44.928000000000004,-65.881,2010-07-13,Summer,47673.59705864196,9.495057722779748
4X,45.28,-65.3,2010-07-13,Summer,172.46532320099558,1.5139006070583396
4X,43.4168,-67.2518,2010-07-15,Summer,45272.193460185124,6.593442255541362
4X,42.910000000000004,-66.98,2010-07-15,Summer,20372.50979176646,1.9036978594306218
4X,42.35,-65.44,2010-07-16,Summer,82848.27318587503,1.7633553227266847
4X,42.95,-63.410000000000004,2010-07-17,Summer,10774.867191793368,2.7294821134169
4X,43.76,-63.65,2011-07-06,Summer,25018.99734425674,4.260139557313964
4X,43.12,-64.19,2011-07-07,Summer,14487.201810900227,1.3649660456207557
4X,43.26,-65.11,2011-07-07,Summer,10563.486554190686,1.6619382488757433
4X,42.95,-65.5,2011-07-08,Summer,89638.85173371747,26.996234180471244
4X,42.660000000000004,-65.56,2011-07-08,Summer,2963.2861196797185,0.8959413269348304
4X,42.77,-66.17,2011-07-09,Summer,4098.484222197367,0.5718100341864547
4X,43.43,-66.63,2011-07-10,Summer,4165.057213465412,0.7447303387120221
4X,45.12,-65.19,2011-07-11,Summer,68815.05774989307,5.37436546413803
4X,44.75,-66.44,2011-07-12,Summer,28069.01311249137,6.624739820565908
4X,44.4,-66.89,2011-07-13,Summer,38330.65471474598,7.717137877175906
4X,43.38,-67.37,2011-07-13,Summer,26408.724602507853,4.035102212265472
4X,42.53,-67.29,2011-07-14,Summer,66323.6048652401,13.03836054688679
4X,42.160000000000004,-65.45,2011-07-16,Summer,1131.8192107447371,0.051158228325662115
4X,42.300000000000004,-65.42,2011-07-16,Summer,3093.6262077927518,0.2625809561736287
4X,43.1,-63.51,2011-07-17,Summer,47299.61246728468,6.877343381480707
4X,43.5093,-63.702200000000005,2012-07-05,Summer,25805.175539805503,6.111752101532883
4X,43.310700000000004,-64.0813,2012-07-06,Summer,8564.956785204648,1.1227434780148267
4X,42.9547,-63.7822,2012-07-06,Summer,36217.717872209076,5.2832595946084995
4X,43.2262,-65.1393,2012-07-10,Summer,41197.31181283919,3.404437195962095
4X,42.8718,-65.6507,2012-07-11,Summer,14373.840161510696,1.3491037379937596
4X,42.7222,-66.14670000000001,2012-07-12,Summer,62878.84504137428,3.1102391911265377
4X,43.7182,-66.73,2012-07-12,Summer,23088.718510405255,3.8662285505659004
4X,45.118500000000004,-65.5457,2012-07-14,Summer,2931.9476868238066,0.8737635275512419
4X,44.819,-66.093,2012-07-14,Summer,11447.19394509216,2.195709509272527
4X,44.1862,-66.8952,2012-07-15,Summer,88353.27854469216,9.751573258749215
4X,43.538000000000004,-67.4263,2012-07-16,Summer,37555.41444714902,7.474453498900529
4X,43.007000000000005,-67.3152,2012-07-16,Summer,43834.71080319023,11.127836568388886
4X,42.2608,-65.37870000000001,2012-07-18,Summer,800.968760635393,0.44366704393456124
4X,43.605000000000004,-63.848000000000006,2013-07-03,Summer,29879.65616045845,9.81591977077364
4X,43.067,-64.089,2013-07-03,Summer,111369.183528856,11.759408707975751
4X,43.195,-65.01100000000001,2013-07-04,Summer,68360.71558963125,12.452968236582695
4X,42.619,-65.33,2013-07-04,Summer,60211.64619998868,9.709920208250807
4X,42.508,-65.108,2013-07-04,Summer,134736.63667854617,151.91941671233528
4X,42.705000000000005,-66.08500000000001,2013-07-05,Summer,50705.50064136422,6.5835659850599875
4X,42.887,-67.42,2013-07-07,Summer,31690.548636042993,4.839599498847137
4X,43.352000000000004,-67.101,2013-07-08,Summer,82395.30815927564,3.030970264430497
4X,44.205000000000005,-66.70100000000001,2013-07-09,Summer,44970.304637846195,12.10350095126998
4X,44.787,-66.48100000000001,2013-07-09,Summer,69280.00921904281,6.772251229891648
4X,45.144000000000005,-65.25500000000001,2013-07-10,Summer,11888.49843889749,1.263072117343474
4X,43.589,-66.554,2013-07-11,Summer,123903.48395152038,0.7818548113271614
4X,43.067,-65.533,2013-07-12,Summer,100503.70128678346,9.671896731039828
4X,42.869,-65.433,2013-07-12,Summer,66536.33775765683,12.765840107006895
4X,42.97,-63.52,2013-07-13,Summer,33272.27677768387,2.7810659816985073
4X,43.522459999999995,-63.726839999999996,2014-07-12,Summer,27028.211158208214,7.3250506470418
4X,43.181400000000004,-65.03556,2014-07-13,Summer,91449.11033981315,7.071913626822878
4X,42.88869,-65.5153,2014-07-13,Summer,183653.10886623606,5.069570675847901
4X,42.64586,-65.40910000000001,2014-07-13,Summer,94677.41496539595,2.0390446713170416
4X,42.78008,-66.22332,2014-07-14,Summer,213922.8373918823,2.22236000393662
4X,44.330259999999996,-66.69203,2014-07-17,Summer,284646.5458593605,19.74439730348197
4X,45.248819999999995,-65.53956,2014-07-18,Summer,407.45255093156885,0.23677520459690055
4X,44.720749999999995,-66.11256,2014-07-19,Summer,599859.6554768318,41.237748149489555
4X,43.54188,-66.81958,2014-07-19,Summer,123833.00235111504,10.14506532143319
4X,43.661339999999996,-67.30498,2014-07-20,Summer,189843.73128022553,12.32484386970956
4X,43.0846,-67.53840000000001,2014-07-20,Summer,101853.6456522197,8.015381387747892
4X,42.505959999999995,-67.42052,2014-07-21,Summer,125856.56960592652,15.057516205370925
4X,42.40934,-65.21594,2014-07-26,Summer,22500.299359083965,11.590666898833362
4X,43.01683,-64.13186,2014-07-27,Summer,55232.574189095925,1.838520358868185
4X,43.10904,-63.612519999999996,2014-07-28,Summer,172938.5713114082,19.30755023374067
4X,44.26266,-63.337900000000005,2015-06-25,Summer,10138.226299694188,3.16502752293578
4X,43.036,-64.17142,2015-07-03,Summer,679.0729589361978,0.12775690607734808
4X,42.98252,-63.96899,2015-07-03,Summer,6590.909090909091,2.0861875000000003
4X,43.53659,-64.23003,2015-07-04,Summer,16434.9276974416,8.985011494252873
4X,44.25624,-63.33499,2015-07-06,Summer,8945.26947472369,2.6637592920353983
4X,43.260259999999995,-65.00661,2015-07-07,Summer,4629.3049028547375,1.7234716981132072
4X,43.06671,-65.52114,2015-07-08,Summer,10361.225422953818,2.3507407407407404
4X,42.64696,-65.46687,2015-07-08,Summer,24526.67814113597,1.4878809523809526
4X,42.72457,-66.22547,2015-07-09,Summer,10254.38789748109,1.1300149019607844
4X,44.267289999999996,-66.62499,2015-07-10,Summer,19660.800797425956,2.4867441860465114
4X,44.805859999999996,-66.11964,2015-07-11,Summer,27139.68957871397,1.5759113082039913
4X,45.317479999999996,-65.02189,2015-07-11,Summer,90.56603773584906,0.6955471698113208
4X,43.60564,-66.80726,2015-07-13,Summer,22460.377358490565,1.5790188679245283
4X,43.33911,-67.27745,2015-07-13,Summer,27169.811320754718,4.673660377358491
4X,42.903729999999996,-67.55453,2015-07-13,Summer,88444.74628892985,6.935590181430096
4X,42.28376,-65.33682999999999,2015-08-01,Summer,9056.603773584906,7.439547169811321
4X,42.43251,-67.01268999999999,2015-08-02,Summer,3270.3756777119556,0.6660039370078741
4X,42.32019,-65.36341999999999,2015-08-03,Summer,5604.256970951673,0.48019396551724136
4X,42.7372,-64.03,2015-08-03,Summer,264.1389343517003,0.520278232405892
4X,43.261309999999995,-64.02968,2016-06-30,Summer,14348.958333333334,2.14690625
4X,43.186319999999995,-65.14216,2016-07-05,Summer,25176.062327765114,6.064705882352942
4X,42.847739999999995,-65.61102,2016-07-06,Summer,173071.94616977224,20.674818840579707
4X,42.35388,-66.78090999999999,2016-07-09,Summer,93272.55845361696,16.012360724233982
4X,44.26678,-66.70810999999999,2016-07-11,Summer,79595.9595959596,11.80641379310345
4X,44.88093,-66.36698,2016-07-11,Summer,246829.71014492752,13.35733695652174
4X,45.20887,-65.30776,2016-07-12,Summer,3100.994725477008,0.9246792452830189
4X,43.44677,-66.63132,2016-07-14,Summer,39369.32632584806,5.3944835164835165
4X,43.22182,-67.23855999999999,2016-07-14,Summer,81060.21616057643,9.899870689655174
4X,42.926069999999996,-67.58276,2016-07-15,Summer,280797.10144927533,23.91576086956522
4X,42.770109999999995,-66.08404,2016-07-15,Summer,19407.00808625337,4.588075471698114
4X,42.67617,-65.42929,2016-07-16,Summer,21411.764705882353,4.170229411764707
4X,43.58651,-63.902589999999996,2016-08-03,Summer,19345.081073476133,3.6440329218107
4X,42.274539999999995,-65.2675,2016-08-04,Summer,1539.8550724637682,0.5330615942028986
4X,42.77119,-63.698609999999995,2016-08-05,Summer,70987.65432098765,10.165267489711933
4X,43.016349999999996,-63.58728,2016-08-06,Summer,20268.33073322933,2.7602028081123247
4X,43.79871,-63.9061,2017-07-06,Summer,23543.094496365527,6.076834890965732
4X,43.27317,-64.76651,2017-07-06,Summer,9634.732980024459,1.7618385650224215
4X,42.973009999999995,-65.54514,2017-07-07,Summer,16347.488931387701,3.931254355400697
4X,43.608109999999996,-66.65935999999999,2017-07-08,Summer,24818.840579710144,4.040760869565218
4X,44.16032,-66.72578,2017-07-08,Summer,9231.515151515152,2.7205818181818184
4X,45.107569999999996,-65.42963,2017-07-10,Summer,3254.794520547945,2.8316712328767126
4X,44.69737,-66.23401,2017-07-10,Summer,56547.619047619046,3.0323095238095235
4X,43.25129,-67.27548,2017-07-11,Summer,58619.00097943192,11.692536728697354
4X,42.9035,-67.15623,2017-07-11,Summer,54020.47423221629,6.53670375360924
4X,42.34729,-67.09752,2017-07-12,Summer,70473.25102880658,9.553251028806585
4X,42.74556,-66.03896,2017-07-15,Summer,41540.78549848942,4.538519637462236
4X,42.64311,-65.50294,2017-07-15,Summer,6510.63829787234,0.9702659574468084
4X,42.41909,-65.41864,2017-07-16,Summer,1945.0874485596707,1.632798353909465
4X,43.113659999999996,-64.25007,2017-07-17,Summer,9335.347432024168,1.7347432024169185
4X,42.784459999999996,-63.609489999999994,2017-07-17,Summer,16328.589443343542,19.993318681318684
4X,43.69974,-63.933029999999995,2018-07-15,Summer,21790.703275529868,5.300404624277457
4X,43.058969999999995,-63.4,2018-07-15,Summer,8468.002585649643,1.4334841628959278
4X,43.2693,-64.20920000000001,2018-07-16,Summer,8446.927374301675,2.10645251396648
4X,43.19825,-65.02427999999999,2018-07-19,Summer,20811.03448275862,4.536353103448277
4X,42.85357,-65.37173,2018-07-19,Summer,16592.827004219405,5.824082278481013
4X,42.611689999999996,-65.31833,2018-07-19,Summer,2757.742685763251,3.210077120822622
4X,42.70635,-66.06809,2018-07-20,Summer,7113.163972286373,2.6426050808314083
4X,42.89385,-67.43384,2018-07-21,Summer,47101.94928411247,12.041229946524064
4X,43.41507,-67.41931,2018-07-21,Summer,21312.994449058086,4.068366467065869
4X,44.70119,-66.37510999999999,2018-07-22,Summer,22626.58227848101,6.44676582278481
4X,45.223859999999995,-65.27489,2018-07-23,Summer,242.68379728765166,0.43066666666666664
4X,42.39347,-65.20949,2018-07-26,Summer,4030.3030303030305,3.4580000000000006
4X,44.01958,-63.4408,2019-07-03,Summer,17748.559153673898,7.038051582649473
4X,43.18428,-65.00858,2019-07-04,Summer,34720.522235822114,7.883671970624235
4X,43.086749999999995,-65.57621999999999,2019-07-05,Summer,13106.092001657686,3.6967519685039365
4X,42.37976,-67.07121,2019-07-07,Summer,44545.07576588233,9.49559347382733
4X,42.95052,-67.44896,2019-07-08,Summer,89643.5294117647,10.808383725490197
4X,43.572919999999996,-67.3189,2019-07-08,Summer,59744.4089456869,7.780804046858361
4X,45.20241,-65.36605,2019-07-10,Summer,8680.933852140079,1.635487937743191
4X,44.835429999999995,-65.98040999999999,2019-07-11,Summer,58318.75746714456,6.15499182795699
4X,44.393769999999996,-66.46535,2019-07-11,Summer,76018.09954751132,15.607239819004525
4X,43.694489999999995,-66.91154,2019-07-12,Summer,29886.792452830185,4.810867924528301
4X,42.69234,-66.09259,2019-07-13,Summer,14196.177555389337,0.8896678445229682
4X,42.6753,-65.40307,2019-07-13,Summer,37132.07547169811,0.9192452830188679
4X,42.546279999999996,-65.17235,2019-07-14,Summer,20467.300003667973,1.9854271356783917
4X,43.21083,-64.19324,2019-07-15,Summer,22630.3317535545,3.237495260663507
4X,43.11241,-63.453849999999996,2019-07-15,Summer,5671.030004161791,1.316628242074928
4X,43.07169,-63.804309999999994,2020-07-06,Summer,19937.5,3.2552499999999998
4X,43.748689999999996,-63.735519999999994,2020-07-07,Summer,55698.11320754717,14.589735849056606
4X,43.167089999999995,-64.11312,2020-07-19,Summer,19943.34277620396,3.4506515580736545
4X,43.19601,-65.13745999999999,2020-07-19,Summer,48416.289592760186,8.264253393665157
4X,42.95973,-65.56836,2020-07-19,Summer,78339.62264150943,6.33011320754717
4X,43.397600000000004,-66.61064999999999,2020-07-21,Summer,209170.85427135677,13.958140703517586
4X,44.76901,-66.24866,2020-07-22,Summer,44187.461959829576,2.4778867924528303
4X,45.14431,-65.2634,2020-07-23,Summer,588.6294416243654,0.6705847715736041
4X,43.520129999999995,-67.31318999999999,2020-07-24,Summer,61099.137931034486,8.584655172413793
4X,42.893209999999996,-67.23301,2020-07-24,Summer,22186.897880539498,4.270298651252409
4X,42.23903,-65.81315,2020-07-27,Summer,16290.288153681962,1.2919103521878335
4X,42.26542,-65.61891,2020-07-27,Summer,13393.66515837104,1.843891402714932
4X,42.696639999999995,-65.41861999999999,2020-07-27,Summer,45550.174658621785,3.7603457446808513
4X,42.683209999999995,-64.26634,2020-07-27,Summer,696.5107745680166,0.8407233304423244
4X,44.16251,-63.45921,2022-07-11,Summer,8698.893997763142,1.8799353796445883
4X,43.829049999999995,-63.89577,2022-07-11,Summer,17150.780907896657,2.8321266968325793
4X,42.822579999999995,-63.60664,2022-07-16,Summer,3806.6465256797583,0.45226586102719035
4X,43.03891,-64.04323,2022-07-16,Summer,2537.5,0.46309374999999997
4X,42.640339999999995,-65.35849,2022-07-22,Summer,27884.615384615383,1.1441406250000001
4X,42.77749,-67.13007,2022-07-23,Summer,10099.055873703759,1.5546277665995978
4X,43.33231,-66.69279,2022-07-23,Summer,6617.201695941852,2.079055118110236
4X,44.249249999999996,-66.67074,2022-07-24,Summer,20553.62018642312,5.405985312117503
4X,44.82075,-66.04019,2022-07-25,Summer,5224.963715529753,1.777811320754717
4X,45.31223,-65.10332,2022-07-26,Summer,723.9819004524886,0.8271493212669683
4X,43.44674,-67.06363999999999,2022-07-29,Summer,14144.736842105263,5.895526315789474
4X,42.517489999999995,-65.72695999999999,2022-08-03,Summer,7654.5797526723945,2.978953678474115
4X,42.16415,-65.55322,2022-08-03,Summer,1292.9292929292928,1.1924040404040404
4X,43.43018,-64.62671,2023-06-30,Summer,1674.2081447963799,0.34751131221719456
4X,42.58911,-65.77816,2023-07-01,Summer,43754.28963623884,2.266515957446809
4X,43.3357,-66.7623,2023-07-02,Summer,55448.43399864505,7.251954765751213
4X,43.247209999999995,-67.45685999999999,2023-07-06,Summer,107794.99404052443,8.003551847437425
4X,42.68016,-67.47948,2023-07-06,Summer,80002.36518448438,9.003256070640177
4X,42.162279999999996,-65.64205,2023-07-08,Summer,106967.48506967483,4.767211678832116
4X,42.60695,-65.32115999999999,2023-07-09,Summer,80841.70854271356,1.639899497487437
4X,43.10483,-64.15995,2023-07-14,Summer,6382.749326145552,0.5063072776280323
4X,44.26235,-63.333479999999994,2023-08-08,Summer,26629.840012507164,3.565815831987076
4X,43.50428,-63.691359999999996,2023-08-10,Summer,14270.797076226938,3.6203619909502263
4X,42.8416,-63.398059999999994,2023-08-10,Summer,38199.06790945406,2.531664447403462
