mission_descriptor	collector_event_id	collector_sample_id	collector_station_name	year	month	day	time	latitude	longitude	start_depth	end_depth
18VA99666	99666001	99666102001001	HL2	1999	1	13	1453	44.26	-63.31	150	0
18PZ98078	98078001	98078102003001	HL2	1999	2	10	2235	44.26	-63.31	140	0
18PZ98078	98078057	98078102004001	HL2	1999	2	16	1021	44.26	-63.31	151	0
18CY98079	98079037	98079102005001	HL2	1999	3	31	1955	44.26	-63.31	151	0
18HU99005	99003013	99003102003002	HL2	1999	4	8	211	44.26	-63.31	155	0
18HU99005	99003212	99003102037002	HL2	1999	4	17	48	44.26	-63.31	140	0
18HU99005	99003216	99003102038001	HL2	1999	4	17	510	44.26	-63.31	155	0
18VA99666	99666008	99666102008001	HL2	1999	5	5	800	44.26	-63.31	150	0
18VA99666	99666009	99666102009001	HL2	1999	5	19	2000	44.26	-63.31	155	0
18VA99666	99666010	99666102010001	HL2	1999	6	10	1430	44.26	-63.31	145	0
18HU99022	99022008	99022102002001	HL2	1999	6	27	2111	44.26	-63.31	151	0
18NE99025	99025001	99025102001001	SET1=HL2	1999	7	5	2202	44.26	-63.31	145	0
18NE99025	99025097	99025102097001	HL2	1999	7	17	805	44.26	-63.31	141	0
18NE99029	99029107	99029102107001	HL2 set 107	1999	7	31	2008	44.26	-63.31	151	0
18VA99666	99666011	99666102011001	HL2	1999	8	13	1318	44.26	-63.31	145	0
18VA99666	99666012	99666102012001	HL2	1999	8	27	1522	44.26	-63.31	154	0
18VA99666	99666013	99666102013001	HL2	1999	9	10	1300	44.26	-63.31	150	0
18HU99054	99054005	99054102001001	HL2	1999	10	24	6	44.26	-63.33	150	0
18HU99054	99054220	99054102050003	HL2	1999	11	5	840	44.27	-63.3	135	0
18HU99054	99054284	99054102055001	HL2	1999	11	12	2217	44.26	-63.32	148	0
18VA99666	99666014	99666102014001	HL2	1999	11	24	1548	44.26	-63.31	150	0
18VA99666	99666015	99666102015001	HL2	1999	12	10	1225	44.26	-63.31	150	0
18VA99666	99666016	99666102016001	HL2	1999	12	23	1408	44.26	-63.31	150	0
18VA00666	2000666001	2000666102001001	HL2	2000	1	10	1630	44.26	-63.31	158	0
18VA00666	2000666002	2000666102002001	HL2	2000	1	31	1630	44.26	-63.31	155	0
18NE00065	99065000	99065102000001	HL2	2000	2	15	1331	44.26	-63.33	153	0
18NE00066	99066001	99066102001001	HL2	2000	3	2	2010	44.26	-63.31	141	0
18NE00066	99066123	99066102123001	Stn2	2000	3	17	216	44.26	-63.31	130	0
18PZ00002	2000002005	2000002102001001	HL2	2000	4	6	15	44.26	-63.31	140	0
18PZ00002	2000002073	2000002102020001	HL2	2000	4	12	323	44.26	-63.31	150	0
18PZ00002	2000002200	2000002102063002	HL2	2000	4	23	700	44.26	-63.31	141	0
18PZ00001	2000001030	2000001102077001	HL2	2000	5	2	944	44.26	-63.31	145	0
18PZ00002	2000002246	2000002102236001	HL2	2000	5	8	1912	44.26	-63.33	148	0
18HU00009	2000009007	2000009102007001	HL2	2000	5	20	120	44.26	-63.31	150	0
18HU00009	2000009153	2000009102153001	HL2	2000	6	8	411	44.26	-63.31	150	0
18PZ00075	2000075025	2000075102005001	HL2	2000	6	14	951	44.26	-63.32	150	0
18NE00026	2000026000	2000026102000001	HL2 Set0	2000	6	29	1355	44.26	-63.31	145	0
18NE00026	2000026103	2000026102103001	HL2 Set 103	2000	7	15	1533	44.26	-63.32	168	0
18NE00031	2000031126	2000031102126001	HL2	2000	7	29	251	44.26	-63.31	150	0
18VA00666	2000666004	2000666102004001	HL2	2000	8	22	1330	44.26	-63.31	150	0
18VA00666	2000666005	2000666102005001	HL2	2000	9	12	1315	44.26	-63.31	150	0
18HU00050	2000050005	2000050102001001	HL2	2000	9	30	2100	44.3	-63.2	140	0
18HU00050	2000050083	2000050102019001	HL2	2000	10	7	621	44.26	-63.32	158	0
18HU00050	2000050286	2000050102050001	HL2	2000	10	16	505	44.26	-63.31	148	0
18HU00050	2000050328	2000050102051001	Station 2	2000	10	25	338	44.26	-63.31	150	0
18HU00068	2000068088	2000068102088001	HL2	2000	12	8	1837	44.27	-63.32	160	0
18VA01666	2001666001	2001666102001001	HL2	2001	1	5	1532	44.26	-63.31	150	0
18NE01003	2001003000	2001003102000001	MFD-SETNO000	2001	2	13	2116	44.26	-63.31	145	0
18NE01004	2001004001	2001004102001001	MFD-SETNO001	2001	2	27	2020	44.26	-63.3	154	0
18NE01004	2001004094	2001004102094001	MFD-SETNO094	2001	3	14	1232	44.26	-63.31	172	0
18VA01666	2001666003	2001666102003001	HL2	2001	3	30	1639	44.26	-63.31	155	0
18VA01666	2001666004	2001666102004001	HL2	2001	4	10	1335	44.26	-63.31	150	0
18HU01009	2001009005	2001009102001002	HL2	2001	5	1	2128	44.26	-63.31	143	0
18HU01009	2001009089	2001009102021002	HL2	2001	5	6	1103	44.26	-63.31	148	0
18HU01009	2001009261	2001009102064001	HL2	2001	5	16	1920	44.26	-63.31	152	0
18HU01009	2001009291	2001009102078001	HL2	2001	5	25	1044	44.26	-63.32	160	0
18HU01022	2001022007	2001022102007001	HL2	2001	5	30	2216	44.26	-63.31	135	0
18HU01022	2001022264	2001022102064001	HL2	2001	6	15	733	44.27	-63.32	140	0
18NE01032	2001032000	2001032102000001	MFD-SETNO000	2001	7	3	1423	44.25	-63.33	165	0
18NE01037	2001037000	2001037102000001	MFD-SETNO000	2001	7	16	2225	44.26	-63.31	139	0
18NE01037	2001037111	2001037102111001	MFD-SETNO111	2001	7	30	1046	44.26	-63.31	147	0
18VA01666	2001666005	2001666102005001	HL2	2001	8	15	1250	44.26	-63.31	150	0
18VA01666	2001666006	2001666102006001	HL2	2001	8	30	1255	44.26	-63.31	154	0
18VA01666	2001666007	2001666102007001	HL2	2001	9	18	1005	44.26	-63.31	150	0
18VA01666	2001666008	2001666102008001	HL2	2001	10	12	1030	44.26	-63.31	151	0
18HU01061	2001061045	2001061102013002	HL2	2001	10	24	30	44.27	-63.31	125	0
18HU01061	2001061127	2001061102030002	HL2	2001	10	29	102	44.26	-63.31	139	0
18HU01061	2001061306	2001061102071001	HL2	2001	11	7	1458	44.27	-63.3	132	0
18VA01666	2001666009	2001666102009001	HL2	2001	11	23	1335	44.27	-63.32	155	0
18HU01064	2001072078	2001072102078001	HL2	2001	12	8	1122	44.27	-63.32	150	0
18VA02666	2002666001	2002666102001001	HL2	2002	1	11	1441	44.27	-63.32	150	0
18NE02002	2002002094	2002002102094001	HL2	2002	3	1	1908	44.27	-63.32	142	0
18VA02666	2002666002	2002666102002001	HL2	2002	3	13	1502	44.27	-63.32	155	0
18VA02666	2002666003	2002666102003001	HL2	2002	3	18	1824	44.29	-63.24	145	0
18NE02003	2002003130	2002003102130001	HL2	2002	3	19	828	44.26	-63.32	137	0
18VA02666	2002666004	2002666102004001	HL2	2002	3	29	1445	44.3	-63.23	150	0
18VA02666	2002666005	2002666102005001	HL2	2002	4	12	1350	44.27	-63.32	150	0
18VA02666	2002666006	2002666102006001	HL2	2002	4	18	1625	44.29	-63.24	150	0
18VA02666	2002666007	2002666102007001	HL2	2002	5	22	1530	44.27	-63.32	150	0
18VA02666	2002666008	2002666102008001	HL2	2002	6	5	1257	44.27	-63.32	155	0
18HU02032	2002032004	2002032102002001	HL2	2002	6	23	2200	44.27	-63.31	130	0
18NE02037	2002037000	2002037102000001	MFD-SETNO000	2002	7	2	2355	44.27	-63.32	160	0
18NE02037	2002037125	2002037102125001	MFD-SETNO125	2002	7	16	511	44.27	-63.31	152	0
18NE02040	2002040100	2002040102100001	MFD-SETNO100	2002	7	30	833	44.27	-63.32	153	0
18VA02666	2002666010	2002666102010001	HL2	2002	8	28	1545	44.27	-63.32	150	0
18NE02051	2002051204	2002051102204001	HL2	2002	9	28	1127	44.27	-63.32	145	0
18HU02054	2002054500	2002054102500001	HL2	2002	10	3	1740	44.27	-63.32	146	0
18HU02064	2002064067	2002064102001003	HL2	2002	10	18	1758	44.27	-63.32	139	0
18HU02064	2002064118	2002064102007001	HL2	2002	10	22	717	44.27	-63.32	128	0
18HU02064	2002064217	2002064102031001	HL2	2002	10	31	1054	44.26	-63.32	148	0
18VA02666	2002666011	2002666102011003	HL2	2002	11	21	1404	44.27	-63.32	150	0
18HU02075	2002075215	2002075102215003	HL2	2002	12	12	1250	44.28	-63.32	0	150
18VA03666	2003666001	2003666102001001	HL2	2003	1	15	1424	44.27	-63.32	150	0
18NE03002	2003002000	2003002102000001	HL2	2003	2	17	141	44.26	-63.31	158	0
18NE03003	2003003000	2003003102000001	HL2	2003	3	4	1331	44.27	-63.3	141	0
18NE03003	2003003112	2003003102112001	HL2	2003	3	20	1707	44.27	-63.31	151	0
18HU03005	2003005002	2003005102001001	HL2	2003	4	12	1616	44.27	-63.34	141	0
18HU03005	2003005085	2003005102085001	HL2	2003	4	18	2339	44.27	-63.33	151	0
18MH03014	2003014001	2003014102001001	HL2	2003	5	5	2110	44.27	-63.32	140	0
18HU03010	2003010401	2003010102401001	HL2	2003	5	16	1004	44.27	-63.32	149	0
18HU03021	2003021065	2003021102009001	HL2	2003	5	29	706	44.27	-63.32	158	0
18HU03038	2003038009	2003038102002001	HL2	2003	7	13	2056	44.27	-63.32	136	0
18NE03042	2003042078	2003042102078001	HL2	2003	7	31	155	44.27	-63.32	153	0
18VA03666	2003666002	2003666102002001	HL2	2003	8	13	1336	44.25	-63.26	155	0
18VA03666	2003666003	2003666102003001	HL2	2003	9	3	1353	44.27	-63.32	150	0
18VA03666	2003666004	2003666102004001	HL2	2003	9	16	1310	44.27	-63.32	148	0
18HU03067	2003067005	2003067102001001	HL2	2003	10	19	1951	44.27	-63.31	150	0
18HU03067	2003067072	2003067102015001	HL2	2003	10	24	111	44.28	-63.32	175	0
18HU03067	2003067158	2003067102030001	HL2	2003	10	31	729	44.27	-63.31	175	0
18HU03072	2003072081	2003072102001001	HL2	2003	11	12	1302	44.26	-63.31	148	0
18HU03078	2003078088	2003078102017001	HL2	2003	12	22	425	44.27	-63.32	162	0
18VA04666	2004666001	2004666102001001	HL2	2004	1	13	1642	44.27	-63.32	160	0
18VA04666	2004666002	2004666102002001	HL2	2004	2	10	1540	44.26	-63.31	155	0
18VA04666	2004666003	2004666102003001	HL2	2004	3	19	1426	44.26	-63.31	145	0
18HU04005	2004005001	2004005102001001	HL2	2004	4	6	1650	44.26	-63.31	140	0
18HU04009	2004009004	2004009102001001	HL2	2004	4	18	2022	44.26	-63.32	149	0
18HU04009	2004009077	2004009102016001	HL2	2004	4	25	105	44.26	-63.31	146	0
18HU04009	2004009244	2004009102062001	HL2	2004	5	8	1136	44.26	-63.3	150	0
18HU04016	2004016004	2004016102002001	HL2	2004	5	16	125	44.26	-63.31	146	0
18HU04019	2004019999	2004019102001001	HL2	2004	6	10	1907	44.26	-63.31	145	0
18TL04529	2004529000	2004529102000001	HL2	2004	7	5	2248	44.26	-63.32	160	0
18TL04530	2004530000	2004530102000001	MFD-SETNO000	2004	7	18	222	44.27	-63.32	144	0
18TL04530	2004530117	2004530102117001	MFD-SETNO117	2004	7	30	2307	44.27	-63.32	145	0
18VA04666	2004666005	2004666102005001	HL2	2004	8	18	1305	44.26	-63.31	150	0
18VA04666	2004666006	2004666102006001	HL2	2004	9	15	1433	44.26	-63.31	150	0
18HU04055	2004055003	2004055102001001	HL2	2004	10	19	1642	44.26	-63.3	138	0
18HU04055	2004055125	2004055102028001	HL2	2004	10	29	523	44.26	-63.31	139	0
18VA04666	2004666007	2004666102007001	HL2	2004	11	23	1704	44.26	-63.31	150	0
18VA04666	2004666008	2004666102008001	HL2	2004	12	16	1038	44.26	-63.31	140	0
18TL05545	2005545000	2005545102000001	HL2	2005	2	19	216	44.26	-63.32	175	0
18TL05545	2005545105	2005545102105001	HL2	2005	3	4	501	44.27	-63.32	156	0
18TL05546	2005546046	2005546102046001	HL2	2005	3	16	451	44.27	-63.31	145	0
18NE05004	2005004007	2005004102002001	HL2	2005	4	1		44.26	-63.31	164	0
18NE05004	2005004111	2005004102111001	HL2	2005	4	10		44.26	-63.31	157	0
18VA05666	2005666001	2005666102001001	HL2	2005	4	27	1320	44.26	-63.31	150	0
18VA05666	2005666002	2005666102002001	HL2	2005	5	31	1304	44.27	-63.31	155	0
18HU05016	2005016178	2005016102178001	HL2	2005	6	6	700	44.26	-63.31	86	0
18HU05021	2005021097	2005021102003001	HL2	2005	6	17	1200	44.26	-63.31	154	0
18TL05605	2005605000	2005605102000001	HL2	2005	7	1	116	44.27	-63.31	161	0
18TL05633	2005633000	2005633102000001	HL2	2005	7	13	1811	44.27	-63.32	160	0
18TL05633	2005633122	2005633102122001	HL2	2005	7	27	532	44.27	-63.32	165	0
18VA05666	2005666003	2005666102003001	HL2	2005	8	17	1320	44.26	-63.31	155	0
18VA05666	2005666004	2005666102004001	HL2	2005	10	5	1334	44.26	-63.31	155	0
18HU05055	2005055001	2005055102001001	HL2	2005	10	17		44.25	-63.31	140	0
18HU05055	2005055091	2005055102091001	HL2	2005	10	28		44.26	-63.31	146	0
18VA06666	2006666001	2006666102001001	HL2	2006	1	25	1230	44.26	-63.31	150	0
18TL06614	2006614000	2006614102000001	HL2	2006	2	18	1622	44.26	-63.31	140	0
18TL06614	2006614098	2006614102098001	HL2	2006	3	3	247	44.27	-63.32	185	0
18TL06615	2006615092	2006615102092001	HL2	2006	3	15	215	44.26	-63.32	155	0
18VA06666	2006666002	2006666102002001	HL2	2006	3	31	1306	44.26	-63.31	145	0
18VA06666	2006666003	2006666102003001	HL2	2006	4	12	1117	44.26	-63.31	145	0
18HU06008	2006008008	2006008102001001	HL2	2006	4	21	506	44.26	-63.32	166	0
18HU06008	2006008179	2006008102179001	HL2	2006	5	6	2000	44.27	-63.32	155	0
18VA06666	2006666005	2006666102005001	HL2	2006	5	30	1245	44.26	-63.31	140	0
18NE06030	2006030000	2006030102000001	Hfx. Stn 2	2006	7	6	40	44.27	-63.32	158	0
18NE06036	2006036000	2006036102000001	Hfx. Stn 2	2006	7	20	1908	44.27	-63.32	159	0
18NE06036	2006036102	2006036102102001	Hfx. Stn 2	2006	8	1	1113	44.26	-63.32	165	0
18VA06666	2006666006	2006666102006001	HL2	2006	8	25	1215	44.26	-63.31	154	0
18HU06052	2006052008	2006052102001001	HL2	2006	10	5	2352	44.26	-63.32	169	0
18HU06052	2006052080	2006052102013001	HL2	2006	10	13	404	44.26	-63.32	151	0
18MH06059	2006059001	2006059102001001	HL2	2006	11	12	1320	44.29	-63.27	151	0
18VA06666	2006666007	2006666102007001	HL2	2006	12	13	1205	44.26	-63.31	140	0
18VA07666	2007666001	2007666102001001	HL2	2007	1	15	1200	44.26	-63.31	155	0
181C07685	2007685000	2007685102000001	HL2 MFD	2007	2	20	200	44.26	-63.31	140	0
181C07685	2007685094	2007685102094001	HL2 MFD	2007	3	4	455	44.27	-63.32	145	0
181C07686	2007686083	2007686102083001	HL2 MFD	2007	3	18	830	44.27	-63.32	150	0
18HU07001	2007001007	2007001102001001	HL2	2007	4	4	2324	44.27	-63.32	176	0
18HU07001	2007001037	2007001102009001	HL2	2007	4	7	2301	44.27	-63.32	176	0
18HU07001	2007001179	2007001102061001	HL2	2007	4	22	253	44.27	-63.32	189	0
18VA07666	2007666002	2007666102002001	HL2	2007	5	7	1055	44.25	-63.31	152	0
18HU07011	18HU07011259	2007011102040001	HL2 259_1	2007	5	27	658	44.26	-63.32	151	0
18VA07666	2007666003	2007666102003001	HL2	2007	6	20	1110	44.26	-63.31	154	0
18TL07745	2007745000	2007745102000001	HL2 MFD	2007	7	7	2100	44.27	-63.32	158	0
18TL07745	2007745078	2007745102078001	HL2 MFD	2007	7	19	10	44.27	-63.32	155	0
18TL07745	2007745191	2007745102191001	HL2 MFD	2007	8	2	330	44.26	-63.32	151	0
18HU07033	2007033003	2007033102001001	HL2	2007	8	2	1740	44.27	-63.31	143	0
18HU07033	2007033093	2007033102016001	HL2	2007	8	9	659	44.26	-63.32	151	0
18VA07666	2007666004	2007666102004001	HL2	2007	8	29	1056	44.26	-63.31	145	0
18VA07666	2007666005	2007666102005001	HL2	2007	9	11	1122	44.26	-63.31	150	0
18HU07045	2007045009	2007045102001001	HL2	2007	9	29	44	44.27	-63.31	147	0
18HU07045	2007045077	2007045102011001	HL2	2007	10	11	531	44.26	-63.31	140	0
18HU07045	2007045193	2007045102034001	HL2	2007	10	18	1157	44.27	-63.32	163	0
18VA07666	2007666006	2007666102006001	HL2	2007	11	6	1130	44.26	-63.31	156	0
18VA07666	2007666007	2007666102007001	HL2	2007	12	11	1151	44.26	-63.31	140	0
18VA08666	2008666001	2008666102001001	HL2	2008	1	4	1150	44.26	-63.31	150	0
18VA08666	2008666002	2008666102002001	HL2	2008	2	5	1520	44.26	-63.31	150	0
181C08775	2008775001	2008775102001001	HL2	2008	3	3	1547	44.27	-63.31	140	0
18TL08805	2008805001	2008805102001001	HL2	2008	3	19	1240	44.27	-63.32	129	0
181C08775	2008775101	2008775102101001	HL2	2008	3	22	250	44.27	-63.31	140	0
18HU08004	2008004008	2008004102002001	HL2	2008	4	15	247	44.27	-63.32	190	0
18HU08004	2008004064	2008004102020001	HL2	2008	4	19	2006	44.27	-63.32	168	0
18HU08006	2008006002	2008006102001001	HL2	2008	5	8	1630	44.26	-63.31	170	0
18HU08009	2008009257	2008009102032001	HL2	2008	6	3	1300	44.26	-63.31	149	0
18VA08666	2008666003	2008666102003001	HL2	2008	6	19	1230	44.26	-63.31	155	0
181C08830	2008830001	2008830102001001	MFD-SETNO001	2008	7	6	2314	44.27	-63.31	150	0
181C08830	2008830098	2008830102098001	MFD-SETNO098	2008	7	18	1121	44.26	-63.31	141	0
181C08830	2008830179	2008830102179001	MFD-SETNO179	2008	8	1	255	44.26	-63.31	136	0
18HU08037	2008037002	2008037102001002	HL2	2008	9	28	1918	44.26	-63.32	200	0
18HU08037	2008037038	2008037102002002	HL2	2008	10	6	203	44.26	-63.31	159	0
18HU08037	2008037048	2008037102004001	HL2	2008	10	7	1850	44.26	-63.31	147	0
18HU08037	2008037230	2008037102041001	HL2	2008	10	20	1703	44.27	-63.33	154	0
18VA08666	2008666004	2008666102004001	HL2	2008	11	13	1200	44.26	-63.31	151	0
18VA09666	2009666001	2009666102001001	HL2	2009	1	27	1230	44.27	-63.31	158	0
18NE09841	2009841001	2009841102001001	HL2	2009	2	11	1630	44.26	-63.33	120	0
18NE09841	2009841058	2009841102058001	HL2	2009	2	21	919	44.26	-63.31	145	0
18VA09666	2009666002	2009666102002001	HL2	2009	3	17	1216	44.26	-63.31	145	0
18HU09005	2009005010	2009005102002001	HL2	2009	4	10	437	44.26	-63.33	145	0
18HU09005	2009005106	2009005102027001	HL2	2009	4	24	309	44.26	-63.33	140	0
18HU09005	2009005173	2009005102054001	HL2	2009	4	29	703	44.26	-63.33	134	0
18VA09666	2009666003	2009666102003001	HL2	2009	6	4	1130	44.26	-63.31	147	0
18VA09666	2009666004	2009666102004001	HL2	2009	6	16	1200	44.26	-63.31	125	0
18NE09027	2009027001	2009027102001001	MFD-SETNO001	2009	7	1	2003	44.27	-63.32	151	0
18NE09027	2009027094	2009027102094001	MFD-SETNO094	2009	7	13	333	44.27	-63.32	182	0
18NE09027	2009027215	2009027102215001	MFD-SETNO215	2009	7	28	333	44.27	-63.32	130	0
18VA09666	2009666005	2009666102005001	HL2	2009	8	25	1057	44.26	-63.31	145	0
18HU09048	2009048007	2009048102002001	HL2	2009	9	27	57	44.27	-63.32	146	0
18HU09048	2009048232	2009048102058001	HL2	2009	10	19	640	44.26	-63.32	157	0
18VA09666	2009666006	2009666102006001	HL2	2009	11	9	1145	44.26	-63.31	145	0
18VA10666	2010666001	2010666102001001	HL2	2010	1	6	1059	44.26	-63.31	140	0
18VA10666	2010666002	2010666102002001	HL2	2010	2	16	1220	44.26	-63.31	140	0
18NE10001	2010001069	2010001102069001	HL2	2010	3	8		44.26	-63.31	150	0
18NE10002	2010002066	2010002102066001	MFD-SETNO066	2010	3	21	0	44.26	-63.31	150	0
18HU10006	2010006006	2010006102001001	HL2	2010	4	10	113	44.27	-63.32	166	0
18HU10006	2010006203	2010006102068001	HL2	2010	4	25	1239	44.27	-63.32	150	0
18VA10666	2010666003	2010666102003001	HL2	2010	5	11	1249	44.26	-63.31	150	0
18HU10014	2010014288	2010014102031001	288_1	2010	5	29	2027	44.26	-63.31	136	0
18VA10666	2010666004	2010666102004001	HL2	2010	6	23	1103	44.26	-63.31	160	0
18NE10027	2010027001	2010027102001001	HL2	2010	7	2	1300	44.26	-63.31	150	0
18NE10027	2010027102	2010027102102001	HL2	2010	7	19	409	44.26	-63.31	148	0
18NE10027	2010027195	2010027102195001	HL2	2010	8	1	548	44.26	-63.32	145	0
18VA10666	2010666005	2010666102005001	HL2	2010	8	31	1035	44.26	-63.31	150	0
18VA10666	2010666006	2010666102006001	HL2	2010	10	13	1208	44.26	-63.31	155	0
18HU10070	2010070002	2010070102002001	HL2	2010	11	7	0	44.26	-63.34	167	0
18VA10666	2010666007	2010666102007001	HL2	2010	11	22	1130	44.26	-63.31	147	0
18HU10049	2010049001	2010049102001002	HL2	2010	12	16	145	44.27	-63.32	158	0
18VA11666	2011666001	2011666102001001	HL2	2011	1	17	1121	44.26	-63.31	145	0
18NE11002	2011002000	2011002102000001	MFD-SETNO000	2011	2	5	1825	44.26	-63.31	128	0
18NE11002	2011002005	2011002102005001	MFD-SETNO005	2011	2	18	1500	44.26	-63.32	138.5	0
18NE11002	2011002068	2011002102068001	MFD-SETNO068	2011	3	7	2348	44.26	-63.31	145	0
18VA11666	2011666002	2011666102002001	HL2	2011	3	31	1022	44.26	-63.73	150	0
18HU11004	2011004012	2011004102002001	HL2	2011	4	8	121	44.27	-63.32	191	0
18HU11004	2011004188	2011004102067001	HL2	2011	4	23	611	44.26	-63.32	138	0
18HU11009	2011009002	2011009102001001	2_1	2011	5	6	1650	44.26	-63.33	147	0
18HU11009	2011009379	2011009102053001	379_1	2011	5	28	351	44.26	-63.32	145	0
18VA11666	2011666003	2011666102003001	HL2	2011	6	16	1120	44.26	-63.31	150	0
18NE11025	2011025001	2011025102001001	MFD-SETNO001	2011	7	5	1835	44.26	-63.31	156	0
18NE11025	2011025169	2011025102169001	MFD-SETNO169	2011	7	23	639	44.26	-63.31	140	0
18NE11025	2011025281	2011025102281001	MFD-SETNO281	2011	8	8	1029	44.26	-63.31	154	0
18VA11666	2011666004	2011666102004001	HL2	2011	8	31	1140	44.26	-63.31	155	0
18HU11043	2011043007	2011043102001001	HL2	2011	9	23	2345	44.26995	-63.31996	146	0
18HU11043	2011043067	2011043102008001	HL2	2011	9	30	1215	44.26866	-63.32222	165	0
18HU11043	2011043188	2011043102048001	HL2	2011	10	14	1455	44.26951	-63.3203	131	0
18VA11666	2011666005	2011666102005001	HL2	2011	11	7	1100	44.26	-63.31	150	0
18VA11666	2011666006	2011666102006001	HL2	2011	11	22	2032	43.26	-63.31	140	0
18VA11666	2011666007	2011666102007001	HL2	2011	12	6	1004	44.26	-63.31	140	0
18VA12666	2012666001	S2012666102001001	HL2	2012	1	23	1333	44.26833	-63.31833	155	0
18NE12002	20120021	S2012002102001001	1	2012	2	11	319	44.2695	-63.3217	135	0
18NE12002	201200247	S2012002102047001	47	2012	2	19	457	44.2715	-63.3253	150	0
18NE12002	201200290	S2012002102090001	90	2012	3	5	812	44.2728	-63.3243	150	0
18NE12002	2012002148	S2012002102148001	148	2012	3	18	532	44.2688	-63.3208	160	0
18VA12666	2012666002	S2012666102002001	HL2	2012	3	29	1217	44.26666	-63.31666	155	0
18VA12666	2012666003	S2012666102003001	HL2	2012	4	18	1257	44.26833	-63.31999	155	0
18VA12666	2012666004	S2012666102004001	HL2	2012	5	2	1222	44.2675	-63.31945	160	0
18VA12666	2012666005	S2012666102005001	HL2	2012	5	15	1220	44.26833	-63.31833	140	0
18MF12001	18MF12001002	S2012001102001001	HL_02	2012	6	1	1657	44.2684	-63.31497	151	0
18VA12666	2012666006	S2012666102006001	HL2	2012	6	18	1228	44.26833	-63.31833	130	0
18NE12022	20120221	S2012022102001001	1	2012	7	4	856	44.2677	-63.3175	179	0
18NE12022	2012022144	S2012022102144001	144	2012	7	21	431	44.268	-63.3187	163	0
18NE12022	2012022238	S2012022102238001	238	2012	8	5	601	44.2715	-63.3247	150.77	0
18VA12666	2012666007	S2012666102007001	HL2	2012	8	21	1450	44.26833	-63.31833	150	0
18HU12042	6	S2012042102002001	HL2	2012	9	25	1233	44.26994	-63.32008	138	0
18HU12042	99	S2012042102029001	HL2	2012	10	3	102	44.26993	-63.31965	143	0
18HU12042	218	S2012042102075001	HL2	2012	10	15	624	44.27036	-63.31967	139	0
18VA12666	2012666008	S2012666102008001	HL2	2012	11	19	1350	44.26833	-63.31833	145	0
18VA12666	2012666009	S2012666102009001	HL2	2012	12	13	955	44.2675	-63.31766	155	0
18VA13666	1	S2013666102001001	HL_02	2013	1	9	1420	44.2675	-63.3175	150	0
18VA13666	2	S2013666102002001	HL_02	2013	1	29	1345	44.2668	-63.3175	145	0
18VA13666	3	S2013666102003001	HL_02	2013	2	15	1412	44.268	-63.3192	140	0
18NE13002	1	S2013002102001001	1	2013	2	26	203	44.268	-63.324	145	0
18NE13002	113	S2013002102113001	113	2013	3	19	619	44.271	-63.321	135	0
18HU13004	9	S2013004102001001	HL_02	2013	4	5	407	44.2669	-63.3172	139	0
18HU13004	67	S2013004102015001	HL_02	2013	4	12	602	44.2668	-63.3186	144	0
18HU13004	233	S2013004102084001	HL_02	2013	4	26	3	44.2668	-63.3169	137	0
18HU13008	3	S2013008102001002	HL_02	2013	5	7	533	44.26746	-63.3148	138	0
18VA13666	4	S2013666102004001	HL_02	2013	5	21	1244	44.2675	-63.3175	150	0
18HU13008	246	S2013008102036001	HL_02	2013	5	28	443	44.2666	-63.3154	153	0
18HU13013	6	S2013013102006001	HL_02	2013	6	4	2351	44.2675	-63.3175	139	0
18HU13013	336	S2013013102336001	HL_02	2013	6	16	906	44.2675	-63.3175	136	0
18NE13022	1	S2013022102001001	1	2013	6	27	808	44.273	-63.323	116	0
18NE13022	97	S2013022102097001	97	2013	7	13	218	44.273	-63.322	150	0
18NE13022	176	S2013022102176001	176	2013	7	23	526	44.273	-63.319	140	0
18VA13666	5	S2013666102005001	HL_02	2013	8	21	1619	44.2675	-63.3175	148	0
18HU13037	15	S2013037102002001	HL_02	2013	9	22	542	44.2608	-63.3113	132	0
18HU13037	247	S2013037102083001	HL_02	2013	10	9	741	44.2606	-63.3096	136	0
18VA13666	6	S2013666102006001	HL_02	2013	10	23	1315	44.2675	-63.3175	140	0
18VA13666	7	S2013666102007001	HL_02	2013	11	22	1405	44.2675	-63.3175	150	0
18VA13666	8	S2013666102008001	HL_02	2013	12	5	1417	44.2678	-63.3178	155	0
18VA14666	1	S2014666102001001	HL_02	2014	1	10	1440	44.2675	-63.3175	148	0
18VA14666	2	S2014666102002001	HL_02	2014	2	3	1517	44.2675	-63.31816	141	0
18NE14002	1	S2014002102001001	HL_02	2014	2	18	239	44.27066	-63.319	156	0
18NE14002	76	S2014002102076001	HL_02	2014	3	3	2355	44.26083	-63.32866	161	0
18NE14101	55	S2014101102055001	HL_02	2014	3	22	1440	44.25444	-63.32524	140	0
18HU14004	8	395264	HL_02	2014	4	5	138	44.2668	-63.3174	155	0
18HU14004	104	395749	HL_02	2014	4	13	2216	44.2681	-63.3185	143	0
18HU14004	223	396880	HL_02	2014	4	23	41	44.2662	-63.3177	143	0
18HU14007	2	400001	HL_02	2014	5	2	1911	44.26815	-63.32037	145	0
18VA14666	3	S2014666102003001	HL_02	2014	5	7	1310	44.2675	-63.3175	155	0
18HU14007	218	401465	HL_02	2014	5	24	753	44.26599	-63.31706	141	0
18VA14666	4	S2014666102004001	HL_02	2014	6	17	1301	44.2675	-63.3175	146	0
18NE14018	1	S2014018102001001	HL_02	2014	6	28	1532	44.2604	-63.3319	141	0
18NE14018	62	S2014018102062001	HL_02	2014	7	22	612	44.25882	-63.3226	153	0
18NE14018	142	S2014018102142001	HL_02	2014	8	3	1258	44.2534	-63.3281	145	0
18NE14018	226	S2014018102226001	HL_02	2014	8	16	946	44.25712	-63.32994	140	0
18VA14666	5	S2014666102005001	HL_02	2014	9	2	1523	44.2675	-63.3175	145	0
18HU14030	9	404013	HL_02	2014	9	20	29	44.26654	-63.31663	152	0
18HU14030	86	405347	HL_02	2014	9	28	2041	44.26794	-63.31569	145	0
18HU14030	185	404952	HL_02	2014	10	8	529	44.26664	-63.31629	142	0
18VA14666	6	S2014666102006001	HL_02	2014	11	6	1430	44.2675	-63.3175	149	0
18VA14666	7	S2014666102007001	HL_02	2014	12	5	1337	44.2675	-63.3175	155	0
18VA14666	8	S2014666102008001	HL_02	2014	12	16	1425	44.2675	-63.3175	151	0
18VA15666	1	352916	HL_02	2015	1	30	1540	44.2675	-63.3175	154	0
18VA15666	2	352926	HL_02	2015	2	18	1535	44.2675	-63.3175	157	0
18NE15002	2	403540	HL_02	2015	3	5	1714	44.25728	-63.32673	145	0
18NE15002	38	403608	HL_02	2015	3	27	1421	44.25637	-63.32362	140	0
18VA15666	3	352936	HL_02	2015	4	13	1433	44.2675	-63.3175	142	0
18HU15004	4	406251	HL_02	2015	4	18	207	44.2668	-63.31603	142	0
18HU15004	72	406590	HL_02	2015	4	22	21	44.26656	-63.31646	144	0
18HU15004	138	406917	HL_02	2015	4	27	227	44.2664	-63.31672	141	0
18HU15006	3	407755	HL_02	2015	5	4	2321	44.26665	-63.31691	150	0
18VA15666	4	404513	HL_02	2015	5	19	1440	44.2675	-63.3175	161	0
18VA15666	5	306460	HL_02	2015	6	5	1416	44.2675	-63.3175	162	0
18NE15015	3	403618	HL_02	2015	6	25	1456	44.26266	-63.3379	148	0
18NE15017	51	403788	HL_02	2015	7	6	2258	44.25624	-63.33499	128	0
18NE15017	139	402074	HL_02	2015	8	4	1246	44.26373	-63.32536	154	0
18NE15017	259	402493	HL_02	2015	8	17	1358	44.26317	-63.31945	173	0
18VA15666	6	306470	HL_02	2015	9	10	1408	44.2675	-63.3175	140	0
18HU15030	3	429501	HL_02	2015	9	20	2027	44.26723	-63.31689	147	0
18HU15030	167	430314	HL_02	2015	10	4	950	44.26728	-63.31511	141	0
18HU15030	284	430921	HL_02	2015	10	11	1331	44.26988	-63.31879	150	0
18VA15666	7	306480	HL_02	2015	10	28	1318	44.2675	-63.3175	155	0
18VA15666	8	306490	HL_02	2015	11	19	1550	44.26816	-63.325	164	0
18VA15666	9	352946	HL_02	2015	12	8	1525	44.26716	-63.31816	150	0
18VA15666	10	352956	HL_02	2015	12	17	1605	44.2675	-63.3175	150	0
18VA16666	1	352966	HL_02	2016	1	8	1528	44.2675	-63.3175	155	0
18VA16666	2	352976	HL_02	2016	2	2	1505	44.2675	-63.3175	162	0
18TL16002	3	429094	1	2016	2	23	1605	44.27025	-63.31818	145	0
18TL16003	6	429229	HL_02	2016	3	11	1326	44.27	-63.32605	160	0
18TL16003	85	429490	72	2016	3	25	836	44.27353	-63.32001	175	0
18HU16003	7	431018	HL_02	2016	4	10	447	44.26446	-63.31645	142	0
18HU16003	128	431710	HL_02	2016	4	25	58	44.2668	-63.31717	141	0
18VA16666	3	352986	HL_02	2016	5	13	1320	44.2675	-63.3175	155	0
18HU16006	301	434270	HL_02	2016	5	24	733	44.26612	-63.31669	141	0
18VA16666	4	306861	HL_02	2016	6	16	1416	44.2675	-63.3175	143	0
18NE16016	2	412001	HL_02	2016	6	28	106	44.27596	-63.31308	162	0
18NE16016	103	412336	HL_02	2016	7	16	1706	44.27061	-63.3333	160	0
18NE16016	196	413897	HL_02	2016	8	3	139	44.2553	-63.32388	140	0
18NE16016	299	436255	HL_02	2016	8	15	522	44.26452	-63.32688	150	0
18HU16027	8	438017	HL_02	2016	9	16	412	44.26761	-63.31487	140	0
18HU16027	277	439488	HL_02	2016	10	6	259	44.26612	-63.31667	145	0
18VA16666	5	297224	HL_02	2016	11	3	1407	44.2675	-63.3175	150	0
18VA16666	6	297234	HL_02	2016	11	25	1515	44.2675	-63.3175	152.8	0
18VA16666	7	297244	HL_02	2016	12	20	1520	44.2675	-63.3175	152	0
18VA17666	1	297254	HL_02	2017	1	16	1705	44.2675	-63.31733	152.5	0
18VA17666	2	297264	HL_02	2017	1	31	1532	44.2667	-63.3167	153	0
18NE17002	10	436857	13	2017	3	9	9	44.2861	-63.32041	160	0
18VA17666	3	297274	HL_02	2017	4	10	1525	44.2675	-63.3175	155	0
18OL17001	70	440618	HL_02	2017	4	23	2039	44.26615	-63.31809	150	0
18OL17001	171	441136	HL_02	2017	5	3	345	44.26285	-63.32245	153	0
18VA17666	4	297284	HL_02	2017	5	23	1430	44.2675	-63.3175	157	0
18VA17666	5	398737	HL_02	2017	6	8	1510	44.2667	-63.3167	164	0
18NE17020	2	436987	HL_02	2017	6	28	124	44.2668	-63.33198	163	0
18NE17020	127	437408	HL_02	2017	7	19	2325	44.28157	-63.32371	160	0
18NE17020	198	437635	HL_02	2017	7	29	1227	44.27505	-63.31526	150	0
18VA17666	6	434991	HL_02	2017	8	29	1515	44.2667	-63.3167	160	0
18VA17666	7	441720	HL_02	2017	10	3	1525	44.2667	-63.3167	155	0
32EV17606	5	444614	HL_02	2017	11	25	139	44.26252	-63.30863	143	0
32EV17606	175	445541	HL_02	2017	12	16	1603	44.27648	-63.31997	165	0
18VA18666	1	441730	HL_02	2018	2	7	1550	44.27	-63.32	151	0
18VA18666	2	441740	HL_02	2018	2	23	1619	44.2667	-63.3167	155	0
18VA18666	3	358463	HL_02	2018	3	20	1555	44.2667	-63.3167	150	0
18VA18666	4	358473	HL_02	2018	4	3	1435	44.27	-63.32166	162	0
18HU18004	77	446015	HL_02	2018	4	13	551	44.26563	-63.31755	135	0
18VA18666	5	358483	HL_02	2018	5	1	1440	44.27	-63.32	160	0
18VA18666	6	446751	HL_02	2018	5	18	1444	44.2667	-63.3167	160	0
18HU18008	265	438552	HL_02	2018	5	21	1006	44.26558	-63.31048	141	0
18VA18666	7	446761	HL_02	2018	6	7	1450	44.2667	-63.3167	158	0
18VA18666	8	446771	HL_02	2018	6	28	1530	44.2667	-63.3167	174	0
18TL18023	2	441751	HL_02	2018	7	14	240	44.27384	-63.3249	205	0
18TL18023	100	442098	HL_02	2018	7	28	553	44.26058	-63.32037	150	0
18VA18666	9	446781	HL_02	2018	8	28	1410	44.2667	-63.3167	145	0
18HU18030	6	448601	HL_02	2018	9	15	2237	44.26638	-63.3173	136	0
18HU18030	97	449366	HL_02	2018	9	23	39	44.26605	-63.31642	144	0
18HU18030	255	450347	HL_02	2018	10	5	1508	44.26722	-63.31787	142	0
18VA18666	10	446791	HL_02	2018	10	30	1500	44.2667	-63.3167	165	0
18VA18666	11	446801	HL_02	2018	11	19	1545	44.2667	-63.3167	160	0
18VA18666	12	446811	HL_02	2018	12	6	1600	44.2667	-63.3167	160	0
18VA18666	13	446821	HL_02	2018	12	21	1510	44.2667	-63.3167	160	0
18VA19666	1	446831	HL_02	2019	1	14	1530	44.2667	-63.3167	154	0
18VA19666	2	446841	HL_02	2019	2	5	1450	44.2667	-63.3167	150	0
18NE19102	5	442476	HL_02	2019	2	18	2246	44.25823	-63.31344	130	0
18NE19102	21	442652	17	2019	3	9	1118	44.2728	-63.32623	150	0
18NE19102	96	442899	HL_02	2019	3	22	1002	44.26827	-63.32928	172	0
18OL19001	85	473483	HL_02	2019	4	15	1040	44.26595	-63.31679	153	0
18OL19001	155	473972	HL_02	2019	4	25	1355	44.26627	-63.31616	153	0
18VA19666	3	446851	HL_02	2019	5	10	1420	44.2667	-63.3167	154	0
18VA19666	4	446861	HL_02	2019	5	28	1536	44.2667	-63.3167	145	0
18DL19001	7	476267	HL_02	2019	6	7	1222	44.26533	-63.30095	145	0
18VA19666	5	446871	HL_02	2019	6	19	1453	44.2667	-63.3167	148	0
18VA19666	6	442909	HL_02	2019	6	27	1345	44.26685	-63.3214	161	0
18NE19030	118	451816	115	2019	7	16	434	44.26137	-63.31239	177	0
18NE19030	191	452060	184	2019	7	26	617	44.26873	-63.32848	150	0
18NE19030	280	452362	271	2019	8	10	956	44.27078	-63.32782	150	0
18VA19666	7	446881	HL_02	2019	10	21	1355	44.2667	-63.3167	165	0
18VA19666	8	446891	HL_02	2019	11	22	1455	44.2667	-63.3167	159	0
18VA19666	9	446901	HL_02	2019	12	17	1450	44.2667	-63.3167	160	0
